-- phpMyAdmin SQL Dump
-- version 5.1.1
-- https://www.phpmyadmin.net/
--
-- Host: 127.0.0.1
-- Generation Time: Jan 19, 2022 at 04:57 PM
-- Server version: 10.4.22-MariaDB
-- PHP Version: 8.0.13

SET SQL_MODE = "NO_AUTO_VALUE_ON_ZERO";
START TRANSACTION;
SET time_zone = "+00:00";


/*!40101 SET @OLD_CHARACTER_SET_CLIENT=@@CHARACTER_SET_CLIENT */;
/*!40101 SET @OLD_CHARACTER_SET_RESULTS=@@CHARACTER_SET_RESULTS */;
/*!40101 SET @OLD_COLLATION_CONNECTION=@@COLLATION_CONNECTION */;
/*!40101 SET NAMES utf8mb4 */;

--
-- Database: `macdonald`
--

-- --------------------------------------------------------

--
-- Table structure for table `combolmeal`
--

CREATE TABLE `combolmeal` (
  `CID` varchar(6) NOT NULL,
  `MainID` varchar(6) NOT NULL,
  `SubID` varchar(6) NOT NULL,
  `DrID` varchar(6) NOT NULL
) ENGINE=InnoDB DEFAULT CHARSET=utf8;

--
-- Dumping data for table `combolmeal`
--

INSERT INTO `combolmeal` (`CID`, `MainID`, `SubID`, `DrID`) VALUES
('C00001', 'S10001', 'S20002', 'D10012'),
('C00002', 'S10002', 'S20002', 'D10012'),
('C00003', 'S10003', 'S20002', 'D10012'),
('C00004', 'S10004', 'S20002', 'D10012'),
('C00005', 'S10005', 'S20002', 'D10012'),
('C00006', 'S10006', 'S20002', 'D10012'),
('C00007', 'S10007', 'S20002', 'D10012'),
('C00008', 'S10008', 'S20002', 'D10012'),
('C00009', 'S10009', 'S20002', 'D10012'),
('C00010', 'S10010', 'S20002', 'D10012'),
('C00011', 'S10011', 'S20002', 'D10012'),
('C00012', 'S10012', 'S20002', 'D10012'),
('C00013', 'S10013', 'S20002', 'D10012'),
('C00014', 'S10014', 'S20002', 'D10012'),
('C00015', 'S10015', 'S20002', 'D10012'),
('C00016', 'S10016', 'S20002', 'D10012'),
('C00017', 'S10017', 'S20002', 'D10012'),
('C00018', 'S10018', 'S20002', 'D10012'),
('C00019', 'S10019', 'S20002', 'D10012'),
('C00020', 'S10020', 'S20002', 'D10012'),
('C00021', 'S10021', 'S20002', 'D10012'),
('C00022', 'S10022', 'S20002', 'D10012'),
('CB0001', 'S40001', 'S50002', 'D10012'),
('CB0002', 'S40002', 'S50002', 'D10012'),
('CB0003', 'S40003', 'S50002', 'D10012'),
('CB0004', 'S40004', 'S50002', 'D10012'),
('CB0005', 'S40005', 'S50002', 'D10012'),
('CB0006', 'S40006', 'S50002', 'D10012'),
('CB0007', 'S40007', 'S50002', 'D10012'),
('CB0008', 'S40008', 'S50002', 'D10012'),
('CB0009', 'S40009', 'S50002', 'D10012'),
('CB0010', 'S40010', 'S50002', 'D10012'),
('CB0011', 'S40011', 'S50002', 'D10012'),
('CB0012', 'S40012', 'S50002', 'D10012'),
('CB0013', 'S40013', 'S50002', 'D10012'),
('CB0014', 'S40014', 'S50002', 'D10012'),
('CB0015', 'S40015', 'S50002', 'D10012'),
('CB0016', 'S40016', 'S50002', 'D10012'),
('CB0017', 'S40017', 'S50002', 'D10012'),
('CB0018', 'S40018', 'S50002', 'D10012'),
('CB0019', 'S40019', 'S50002', 'D10012'),
('CB0020', 'S40020', 'S50002', 'D10012'),
('CB0021', 'S40021', 'S50002', 'D10012'),
('CB0022', 'S40022', 'S50002', 'D10012');

-- --------------------------------------------------------

--
-- Table structure for table `cusorder`
--

CREATE TABLE `cusorder` (
  `OID` varchar(10) NOT NULL,
  `Time` datetime NOT NULL,
  `TableNO` varchar(2) DEFAULT NULL,
  `Type` varchar(1) DEFAULT NULL
) ENGINE=InnoDB DEFAULT CHARSET=utf8;

--
-- Dumping data for table `cusorder`
--

INSERT INTO `cusorder` (`OID`, `Time`, `TableNO`, `Type`) VALUES
('0000000001', '2021-12-22 23:10:54', '3', '0'),
('0000000002', '2021-12-23 10:29:15', '3', '0'),
('0000000003', '2021-12-23 11:17:39', '3', '0'),
('0000000004', '2021-12-23 14:14:09', '3', '0'),
('0000000005', '2021-12-23 14:14:30', '3', '0'),
('0000000006', '2021-12-23 19:13:34', '3', '0'),
('0000000007', '2021-12-23 19:14:55', '3', '1'),
('0000000008', '2021-12-23 20:13:04', '3', '0'),
('0000000009', '2021-12-24 15:45:04', '1', '1'),
('0000000010', '2021-12-24 15:45:12', '1', '1'),
('0000000011', '2021-12-28 13:23:29', '3', '0'),
('0000000012', '2021-12-29 17:04:24', '3', '0'),
('0000000013', '2021-12-29 17:04:31', '3', '0'),
('0000000014', '2021-12-29 17:15:08', '0', '1'),
('0000000015', '2021-12-29 17:26:50', '0', '0'),
('0000000016', '2021-12-29 18:12:55', '0', '0'),
('0000000017', '2021-12-29 18:13:45', '3', '0'),
('0000000018', '2021-12-29 18:14:16', '0', '0'),
('0000000019', '2021-12-29 18:34:26', '0', '0'),
('0000000020', '2021-12-29 19:58:48', '0', '0'),
('0000000021', '2021-12-29 20:00:42', '0', '0'),
('0000000022', '2021-12-29 20:01:56', '0', '0'),
('0000000023', '2021-12-29 20:34:09', '0', '1'),
('0000000024', '2021-12-29 20:38:11', '0', '1'),
('0000000025', '2021-12-29 20:38:18', '0', '1'),
('0000000026', '2021-12-29 20:49:22', '0', '0'),
('0000000027', '2021-12-29 20:49:51', '0', '1'),
('0000000028', '2021-12-29 20:50:28', '0', '0'),
('0000000029', '2021-12-29 21:26:09', '0', '1'),
('0000000030', '2021-12-29 21:26:13', '0', '0'),
('0000000031', '2021-12-29 21:27:21', '0', '1'),
('0000000032', '2021-12-29 21:28:46', '0', '1'),
('0000000033', '2021-12-29 21:29:38', '0', '1'),
('0000000034', '2021-12-29 21:45:19', '0', '0'),
('0000000035', '2021-12-29 21:47:07', '0', '0'),
('0000000036', '2021-12-29 22:08:28', '0', '1'),
('0000000037', '2021-12-29 22:09:39', '0', '0'),
('0000000038', '2021-12-29 22:10:24', '0', '1'),
('0000000039', '2021-12-29 22:11:48', '0', '0'),
('0000000040', '2021-12-29 22:13:03', '0', '0'),
('0000000041', '2021-12-29 22:15:30', '0', '1'),
('0000000042', '2021-12-29 22:16:51', '0', '1'),
('0000000043', '2021-12-29 22:17:25', '0', '0'),
('0000000044', '2021-12-29 22:20:14', '0', '0'),
('0000000045', '2021-12-29 22:20:23', '0', '0'),
('0000000046', '2021-12-29 22:20:23', '0', '1'),
('0000000047', '2021-12-29 22:20:38', '0', '0'),
('0000000048', '2021-12-29 22:20:43', '0', '1'),
('0000000049', '2021-12-29 22:20:51', '0', '0'),
('0000000050', '2021-12-29 22:21:53', '0', '0'),
('0000000051', '2021-12-29 22:22:54', '0', '0'),
('0000000052', '2021-12-29 22:23:38', '0', '1'),
('0000000053', '2021-12-29 22:25:55', '0', '1'),
('0000000054', '2021-12-29 22:28:02', '0', '0'),
('0000000055', '2021-12-29 22:38:19', '0', '0'),
('0000000056', '2021-12-29 22:38:22', '0', '1'),
('0000000057', '2021-12-29 22:38:27', '0', '0'),
('0000000058', '2021-12-29 22:38:27', '0', '0'),
('0000000059', '2021-12-29 22:39:08', '0', '0'),
('0000000060', '2021-12-29 22:40:58', '0', '1'),
('0000000061', '2021-12-29 22:40:59', '0', '1'),
('0000000062', '2021-12-29 22:41:56', '0', '1'),
('0000000063', '2021-12-29 22:50:18', '0', '1'),
('0000000064', '2021-12-29 23:32:04', '0', '0'),
('0000000065', '2021-12-30 01:52:25', '0', '0'),
('0000000066', '2021-12-30 02:05:21', '0', '1'),
('0000000067', '2021-12-30 02:09:25', '0', '1'),
('0000000068', '2021-12-30 02:18:39', '0', '1'),
('0000000069', '2021-12-30 02:25:28', '0', '0'),
('0000000070', '2021-12-30 02:28:45', '0', '1'),
('0000000071', '2021-12-30 02:29:30', '0', '1'),
('0000000072', '2021-12-30 02:45:53', '0', '1'),
('0000000073', '2021-12-30 02:45:53', '0', '1'),
('0000000074', '2021-12-30 08:17:40', '0', '1'),
('0000000075', '2021-12-30 08:17:48', '0', '1'),
('0000000076', '2021-12-30 08:20:08', '0', '1'),
('0000000077', '2021-12-30 08:20:08', '0', '1'),
('0000000078', '2021-12-30 09:15:53', '0', '1'),
('0000000079', '2021-12-30 09:17:14', '0', '1'),
('0000000080', '2021-12-30 09:17:37', '0', '1'),
('0000000081', '2021-12-30 09:19:55', '0', '1'),
('0000000082', '2021-12-30 09:22:19', '0', '1'),
('0000000083', '2021-12-30 09:23:50', '0', '0'),
('0000000084', '2021-12-30 09:23:59', '0', '1'),
('0000000085', '2021-12-30 09:40:40', '0', '0'),
('0000000086', '2021-12-30 09:40:46', '0', '1'),
('0000000087', '2021-12-30 09:40:52', '0', '1'),
('0000000088', '2021-12-30 09:47:20', '0', '1'),
('0000000089', '2021-12-30 10:29:12', '0', '0'),
('0000000090', '2021-12-30 10:29:19', '0', '1'),
('0000000091', '2021-12-30 10:31:17', '0', '0'),
('0000000092', '2021-12-30 10:32:36', '0', '1'),
('0000000093', '2021-12-30 10:42:47', '0', '0'),
('0000000094', '2021-12-30 11:23:51', '0', '0'),
('0000000095', '2021-12-30 13:30:38', '0', '0'),
('0000000096', '2021-12-31 00:16:55', '0', '1'),
('0000000097', '2022-01-01 01:38:51', '0', '1'),
('0000000098', '2022-01-03 21:07:45', '0', '1'),
('0000000099', '2022-01-03 21:52:45', '0', '1'),
('0000000100', '2022-01-04 10:09:34', '0', '0'),
('0000000101', '2022-01-04 10:09:50', '0', '0'),
('0000000102', '2022-01-04 10:10:17', '0', '1'),
('0000000103', '2022-01-04 10:57:09', '0', '0'),
('0000000104', '2022-01-04 11:05:21', '0', '0'),
('0000000105', '2022-01-04 11:13:53', '0', '1'),
('0000000106', '2022-01-04 11:21:16', '0', '0'),
('0000000107', '2022-01-04 11:21:20', '0', '0'),
('0000000108', '2022-01-04 11:21:40', '0', '0'),
('0000000109', '2022-01-04 11:21:43', '0', '0'),
('0000000110', '2022-01-04 11:23:16', '0', '1'),
('0000000111', '2022-01-04 14:44:21', '0', '0'),
('0000000112', '2022-01-04 14:44:22', '0', '0'),
('0000000113', '2022-01-04 22:03:33', '0', '0'),
('0000000114', '2022-01-04 22:04:19', '0', '0'),
('0000000115', '2022-01-04 22:06:39', '0', '1'),
('0000000116', '2022-01-04 22:06:39', '0', '1'),
('0000000117', '2022-01-04 22:06:48', '0', '0'),
('0000000118', '2022-01-04 22:50:36', '0', '0'),
('0000000119', '2022-01-04 22:51:54', '0', '1'),
('0000000120', '2022-01-04 22:51:54', '0', '1'),
('0000000121', '2022-01-04 22:54:24', '0', '0'),
('0000000122', '2022-01-04 22:57:02', '0', '1'),
('0000000123', '2022-01-04 22:58:47', '0', '1'),
('0000000124', '2022-01-04 23:06:42', '0', '1'),
('0000000125', '2022-01-07 21:48:25', '0', '0'),
('0000000126', '2022-01-07 21:49:08', '0', '1'),
('0000000127', '2022-01-08 20:32:04', '0', '1'),
('0000000128', '2022-01-08 20:35:54', '0', '1'),
('0000000129', '2022-01-08 20:36:42', '0', '1'),
('0000000130', '2022-01-08 20:58:31', '0', '0'),
('0000000131', '2022-01-10 11:09:47', '0', '1'),
('0000000132', '2022-01-10 11:23:25', '0', '1'),
('0000000133', '2022-01-10 11:25:39', '0', '1'),
('0000000134', '2022-01-10 11:26:02', '0', '1'),
('0000000135', '2022-01-10 11:28:49', '0', '1'),
('0000000136', '2022-01-10 11:33:55', '0', '1'),
('0000000137', '2022-01-10 16:44:13', '0', '1'),
('0000000138', '2022-01-10 16:44:48', '0', '0'),
('0000000139', '2022-01-10 17:03:22', '0', '1'),
('0000000140', '2022-01-10 17:07:12', '0', '1'),
('0000000141', '2022-01-10 17:09:58', '0', '1'),
('0000000142', '2022-01-10 17:15:05', '0', '1'),
('0000000143', '2022-01-10 17:19:09', '0', '1'),
('0000000144', '2022-01-10 17:22:25', '0', '1'),
('0000000145', '2022-01-10 17:25:07', '0', '1'),
('0000000146', '2022-01-10 17:26:09', '0', '1'),
('0000000147', '2022-01-10 17:31:11', '0', '1'),
('0000000148', '2022-01-10 17:32:03', '0', '1'),
('0000000149', '2022-01-10 17:40:37', '0', '0'),
('0000000150', '2022-01-10 17:43:11', '0', '0'),
('0000000151', '2022-01-10 17:45:16', '0', '0'),
('0000000152', '2022-01-10 17:46:37', '0', '1'),
('0000000153', '2022-01-10 17:46:46', '0', '1'),
('0000000154', '2022-01-10 17:48:08', '0', '1'),
('0000000155', '2022-01-10 17:49:42', '0', '1'),
('0000000156', '2022-01-10 17:50:14', '0', '1'),
('0000000157', '2022-01-10 17:52:39', '0', '0'),
('0000000158', '2022-01-10 17:53:43', '0', '0'),
('0000000159', '2022-01-10 19:00:44', '0', '1'),
('0000000160', '2022-01-10 19:03:41', '0', '1'),
('0000000161', '2022-01-10 19:09:43', '0', '0'),
('0000000162', '2022-01-10 19:11:45', '0', '0'),
('0000000163', '2022-01-10 19:20:10', '0', '1'),
('0000000164', '2022-01-10 19:24:36', '0', '1'),
('0000000165', '2022-01-10 19:27:39', '0', '0'),
('0000000166', '2022-01-10 20:03:03', '0', '1'),
('0000000167', '2022-01-10 20:05:06', '0', '1'),
('0000000168', '2022-01-10 20:23:41', '0', '0'),
('0000000169', '2022-01-10 20:25:07', '0', '0'),
('0000000170', '2022-01-10 20:31:20', '0', '0'),
('0000000171', '2022-01-10 20:38:21', '0', '0'),
('0000000172', '2022-01-10 20:44:28', '0', '0'),
('0000000173', '2022-01-10 20:52:03', '0', '1'),
('0000000174', '2022-01-10 20:55:02', '0', '1'),
('0000000175', '2022-01-10 21:39:48', '0', '1'),
('0000000176', '2022-01-10 21:41:22', '0', '1'),
('0000000177', '2022-01-10 21:43:09', '0', '1'),
('0000000178', '2022-01-10 21:44:38', '0', '1'),
('0000000179', '2022-01-10 21:47:07', '0', '1'),
('0000000180', '2022-01-10 21:49:24', '0', '1'),
('0000000181', '2022-01-10 21:49:24', '0', '1'),
('0000000182', '2022-01-10 21:50:57', '0', '0'),
('0000000183', '2022-01-10 21:51:22', '0', '0'),
('0000000184', '2022-01-10 21:54:18', '0', '1'),
('0000000185', '2022-01-11 13:28:28', '0', '1'),
('0000000186', '2022-01-11 13:28:46', '0', '1'),
('0000000187', '2022-01-11 13:30:33', '0', '0'),
('0000000188', '2022-01-11 13:31:49', '0', '0'),
('0000000189', '2022-01-11 15:16:05', '0', '1'),
('0000000190', '2022-01-11 15:16:06', '0', '0'),
('0000000191', '2022-01-13 11:53:52', '0', '1'),
('0000000192', '2022-01-13 12:26:37', '0', '1'),
('0000000193', '2022-01-13 12:27:59', '0', '1'),
('0000000194', '2022-01-13 12:28:24', '0', '1'),
('0000000195', '2022-01-13 22:31:42', '0', '1'),
('0000000196', '2022-01-13 22:33:53', '0', '1'),
('0000000197', '2022-01-13 22:35:09', '0', '1'),
('0000000198', '2022-01-13 22:35:56', '0', '1'),
('0000000199', '2022-01-13 22:37:49', '0', '0'),
('0000000200', '2022-01-13 22:38:17', '0', '0'),
('0000000201', '2022-01-13 22:48:45', '0', '1'),
('0000000202', '2022-01-13 22:49:33', '0', '1'),
('0000000203', '2022-01-13 22:52:24', '0', '1'),
('0000000204', '2022-01-13 22:53:07', '0', '1'),
('0000000205', '2022-01-13 23:00:15', '0', '0'),
('0000000206', '2022-01-13 23:02:36', '0', '0'),
('0000000207', '2022-01-13 23:11:05', '0', '1'),
('0000000208', '2022-01-13 23:14:27', '0', '1'),
('0000000209', '2022-01-13 23:52:43', '0', '1'),
('0000000210', '2022-01-13 23:58:08', '0', '1'),
('0000000211', '2022-01-14 00:07:02', '0', '1'),
('0000000212', '2022-01-14 00:07:49', '0', '1'),
('0000000213', '2022-01-14 00:09:14', '0', '1'),
('0000000214', '2022-01-14 00:13:19', '0', '1'),
('0000000215', '2022-01-14 00:15:29', '0', '1'),
('0000000216', '2022-01-14 00:16:52', '0', '1'),
('0000000217', '2022-01-14 00:18:36', '0', '1'),
('0000000218', '2022-01-14 00:19:23', '0', '1'),
('0000000219', '2022-01-14 11:20:37', '0', '0'),
('0000000220', '2022-01-14 11:22:00', '0', '0'),
('0000000221', '2022-01-14 11:22:59', '0', '0'),
('0000000222', '2022-01-14 11:23:25', '0', '1'),
('0000000223', '2022-01-14 12:12:54', '0', '1'),
('0000000224', '2022-01-14 12:15:03', '0', '1'),
('0000000225', '2022-01-14 12:21:28', '0', '1'),
('0000000226', '2022-01-14 12:23:12', '0', '0'),
('0000000227', '2022-01-14 12:23:51', '0', '0'),
('0000000228', '2022-01-14 12:37:38', '0', '1'),
('0000000229', '2022-01-14 12:38:50', '0', '1'),
('0000000230', '2022-01-14 12:44:32', '0', '1'),
('0000000231', '2022-01-14 12:46:20', '0', '1'),
('0000000232', '2022-01-14 12:53:32', '0', '1'),
('0000000233', '2022-01-14 12:55:12', '0', '1'),
('0000000234', '2022-01-14 12:59:10', '0', '1'),
('0000000235', '2022-01-14 13:14:21', '0', '1'),
('0000000236', '2022-01-14 13:14:30', '0', '1'),
('0000000237', '2022-01-14 13:19:03', '0', '1'),
('0000000238', '2022-01-14 13:20:35', '0', '1'),
('0000000239', '2022-01-14 13:25:13', '0', '1'),
('0000000240', '2022-01-14 13:26:22', '0', '1'),
('0000000241', '2022-01-14 13:27:24', '0', '1'),
('0000000242', '2022-01-14 13:33:53', '0', '1'),
('0000000243', '2022-01-14 13:34:56', '0', '1'),
('0000000244', '2022-01-14 13:36:31', '0', '1'),
('0000000245', '2022-01-14 13:41:06', '0', '1'),
('0000000246', '2022-01-14 13:41:18', '0', '0'),
('0000000247', '2022-01-14 13:42:12', '0', '1'),
('0000000248', '2022-01-14 13:42:18', '0', '0'),
('0000000249', '2022-01-14 13:49:04', '0', '1'),
('0000000250', '2022-01-14 13:49:05', '0', '1'),
('0000000251', '2022-01-14 13:49:59', '0', '1'),
('0000000252', '2022-01-14 13:52:00', '0', '0'),
('0000000253', '2022-01-14 14:07:13', '0', '1'),
('0000000254', '2022-01-14 14:15:00', '0', '1'),
('0000000255', '2022-01-14 14:26:20', '0', '1'),
('0000000256', '2022-01-14 14:28:08', '0', '1'),
('0000000257', '2022-01-14 14:33:48', '0', '1'),
('0000000258', '2022-01-14 14:36:19', '0', '1'),
('0000000259', '2022-01-14 14:39:37', '0', '1'),
('0000000260', '2022-01-14 14:42:17', '0', '1'),
('0000000261', '2022-01-14 14:49:50', '0', '1'),
('0000000262', '2022-01-14 14:58:32', '0', '1'),
('0000000263', '2022-01-14 15:07:14', '0', '1'),
('0000000264', '2022-01-14 15:07:15', '0', '1'),
('0000000265', '2022-01-14 15:09:49', '0', '1'),
('0000000266', '2022-01-14 23:55:14', '0', '0'),
('0000000267', '2022-01-15 00:13:25', '0', '1'),
('0000000268', '2022-01-15 14:06:10', '0', '0'),
('0000000269', '2022-01-15 14:06:10', '0', '0'),
('0000000270', '2022-01-15 14:08:23', '0', '1'),
('0000000271', '2022-01-15 17:51:52', '0', '1'),
('0000000272', '2022-01-15 17:54:16', '0', '1'),
('0000000273', '2022-01-15 22:06:39', '0', '0'),
('0000000274', '2022-01-15 23:03:11', '0', '1'),
('0000000275', '2022-01-16 00:45:14', '0', '1'),
('0000000276', '2022-01-16 00:46:24', '0', '1'),
('0000000277', '2022-01-16 23:13:15', '0', '0'),
('0000000278', '2022-01-17 21:39:58', '0', '1'),
('0000000279', '2022-01-17 21:41:52', '0', '0'),
('0000000280', '2022-01-17 21:45:08', '0', '0'),
('0000000281', '2022-01-17 21:54:13', '0', '1'),
('0000000282', '2022-01-17 21:56:02', '0', '1'),
('0000000283', '2022-01-17 22:03:41', '0', '0'),
('0000000284', '2022-01-18 18:40:10', '0', '1'),
('0000000285', '2022-01-18 18:40:10', '0', '1'),
('0000000286', '2022-01-18 18:40:10', '0', '1'),
('0000000287', '2022-01-18 18:40:19', '0', '1'),
('0000000288', '2022-01-18 18:45:23', '0', '1'),
('0000000289', '2022-01-18 18:46:43', '0', '1'),
('0000000290', '2022-01-18 18:51:35', '0', '0'),
('0000000291', '2022-01-18 18:51:58', '0', '1'),
('0000000292', '2022-01-18 18:52:11', '0', '0'),
('0000000293', '2022-01-18 18:53:54', '0', '1'),
('0000000294', '2022-01-18 18:55:16', '0', '1'),
('0000000295', '2022-01-19 17:08:16', '0', '1'),
('0000000296', '2022-01-19 17:10:14', '0', '1'),
('0000000297', '2022-01-19 17:11:03', '0', '1'),
('0000000298', '2022-01-19 17:20:47', '0', '1'),
('0000000299', '2022-01-19 17:23:06', '0', '1'),
('0000000300', '2022-01-19 17:46:39', '0', '1'),
('0000000301', '2022-01-19 17:47:58', '0', '1'),
('0000000302', '2022-01-19 19:33:02', '0', '1'),
('0000000303', '2022-01-19 19:33:02', '0', '1'),
('0000000304', '2022-01-19 19:33:02', '0', '1'),
('0000000305', '2022-01-19 20:11:59', '0', '1'),
('0000000306', '2022-01-19 20:14:53', '0', '1'),
('0000000307', '2022-01-19 20:17:39', '0', '1'),
('0000000308', '2022-01-19 20:19:29', '0', '1'),
('0000000309', '2022-01-19 20:22:29', '0', '1'),
('0000000310', '2022-01-19 20:28:03', '0', '1'),
('0000000311', '2022-01-19 20:29:12', '0', '1'),
('0000000312', '2022-01-19 20:29:41', '0', '1'),
('0000000313', '2022-01-19 20:30:34', '0', '1'),
('0000000314', '2022-01-19 20:31:21', '0', '1'),
('0000000315', '2022-01-19 20:31:36', '0', '1'),
('0000000316', '2022-01-19 20:31:52', '0', '1'),
('0000000317', '2022-01-19 21:52:32', '0', '1');

-- --------------------------------------------------------

--
-- Table structure for table `customer`
--

CREATE TABLE `customer` (
  `CUID` varchar(4) NOT NULL,
  `Content` varchar(30) NOT NULL,
  `EContent` varchar(50) NOT NULL,
  `Type` varchar(1) NOT NULL,
  `DefaultNum` int(11) NOT NULL,
  `Price` int(11) NOT NULL,
  `max` int(11) NOT NULL,
  `min` int(11) NOT NULL
) ENGINE=InnoDB DEFAULT CHARSET=utf8;

--
-- Dumping data for table `customer`
--

INSERT INTO `customer` (`CUID`, `Content`, `EContent`, `Type`, `DefaultNum`, `Price`, `max`, `min`) VALUES
('A001', '鹽', 'salt', '1', 1, 0, 1, 0),
('A002', '沾醬', 'Dressing Type', '0', 1, 0, 3, 0),
('D001', '自備杯子', 'environmental protection cup', '1', 0, -2, 1, 0),
('D002', '果糖', 'sugar', '0', 4, 0, 4, 0),
('D003', '冰塊', 'ice', '0', 2, 0, 2, 0),
('M001', '酸黃瓜', 'pickles', '0', 1, 0, 2, 0),
('M002', '洋蔥', 'onions', '0', 1, 0, 2, 0),
('M003', '番茄', 'tomatoes', '0', 1, 5, 2, 0),
('M004', '生菜', 'lettuce', '0', 1, 5, 3, 0),
('M005', '吉士片', 'Cheese', '0', 1, 5, 5, 0),
('M006', '吉士片', 'Cheese', '0', 2, 5, 5, 0),
('M007', '醬料', 'Dressing Type', '1', 1, 0, 1, 0),
('M008', '肉片', 'sausage meat', '0', 2, 10, 4, 0);

-- --------------------------------------------------------

--
-- Table structure for table `foodtype`
--

CREATE TABLE `foodtype` (
  `TypeID` varchar(2) NOT NULL,
  `Type` varchar(10) NOT NULL,
  `Etype` varchar(30) NOT NULL,
  `Img` varchar(300) DEFAULT NULL
) ENGINE=InnoDB DEFAULT CHARSET=utf8;

--
-- Dumping data for table `foodtype`
--

INSERT INTO `foodtype` (`TypeID`, `Type`, `Etype`, `Img`) VALUES
('ES', '其他', 'Else', NULL),
('M1', '主餐', 'Main Meal', 'https://github.com/pei-ci/Macdonald_Pictures/blob/main/McD_Menu/Main/Burger/BigMac.PNG?raw=true'),
('M2', '飲料', 'Beverage', 'https://github.com/pei-ci/Macdonald_Pictures/blob/main/McD_Menu/Beverage/Coca-Cola.PNG?raw=true'),
('M3', '點心', 'Dessert', 'https://github.com/pei-ci/Macdonald_Pictures/blob/main/McD_Menu/Desserts/French_Fries.PNG?raw=true');

-- --------------------------------------------------------

--
-- Table structure for table `meal`
--

CREATE TABLE `meal` (
  `NO` varchar(10) NOT NULL,
  `OID` varchar(10) NOT NULL,
  `SFID` varchar(6) NOT NULL,
  `CID` varchar(6) DEFAULT NULL,
  `Count` int(11) NOT NULL,
  `Price` double NOT NULL
) ENGINE=InnoDB DEFAULT CHARSET=utf8;

--
-- Dumping data for table `meal`
--

INSERT INTO `meal` (`NO`, `OID`, `SFID`, `CID`, `Count`, `Price`) VALUES
('0000000001', '0000000001', 'M00010', NULL, 3, 104),
('0000000002', '0000000001', 'S10001', 'C00001', 1, 269),
('0000000003', '0000000001', 'S20002', 'C00001', 1, 0),
('0000000004', '0000000001', 'D10012', 'C00001', 1, 0),
('0000000005', '0000000002', 'S10001', 'C00001', 1, 269),
('0000000006', '0000000002', 'S20005', 'C00001', 1, -47),
('0000000007', '0000000002', 'D10012', 'C00001', 1, 0),
('0000000008', '0000000001', 'A00007', NULL, 3, 35),
('0000000009', '0000000002', 'S10001', 'C00001', 1, 269),
('0000000010', '0000000002', 'S20005', 'C00001', 1, -47),
('0000000011', '0000000002', 'D10012', 'C00001', 1, 0),
('0000000012', '0000000001', 'M00010', NULL, 3, 104),
('0000000013', '0000000001', 'M00010', NULL, 3, 104),
('0000000014', '0000000001', 'M00010', NULL, 3, 104),
('0000000015', '0000000001', 'S10001', 'C00001', 1, 269),
('0000000016', '0000000001', 'S20002', 'C00001', 1, 0),
('0000000017', '0000000001', 'D10012', 'C00001', 1, 0),
('0000000018', '0000000001', 'M00010', NULL, 3, 104),
('0000000019', '0000000001', 'M00010', NULL, 3, 104),
('0000000020', '0000000001', 'S10001', 'C00001', 1, 269),
('0000000021', '0000000001', 'S20002', 'C00001', 1, 0),
('0000000022', '0000000001', 'D10012', 'C00001', 1, 0),
('0000000023', '0000000001', 'M00010', NULL, 3, 104),
('0000000024', '0000000001', 'S10001', 'C00001', 1, 269),
('0000000025', '0000000001', 'S20002', 'C00001', 1, 0),
('0000000026', '0000000001', 'D10012', 'C00001', 1, 0),
('0000000027', '0000000018', 'S10001', 'C00001', 1, 269),
('0000000028', '0000000018', 'S20002', 'C00001', 1, 0),
('0000000029', '0000000018', 'D10012', 'C00001', 1, 0),
('0000000030', '0000000001', 'A00007', NULL, 3, 35),
('0000000031', '0000000023', 'M00003', NULL, 3, 84),
('0000000032', '0000000023', 'M00005', NULL, 1, 114),
('0000000033', '0000000023', 'M00003', NULL, 3, 84),
('0000000034', '0000000023', 'M00003', NULL, 3, 84),
('0000000035', '0000000023', 'M00003', NULL, 3, 84),
('0000000036', '0000000023', 'M00003', NULL, 3, 84),
('0000000037', '0000000023', 'M00005', NULL, 1, 114),
('0000000038', '0000000023', 'M00003', NULL, 3, 84),
('0000000039', '0000000023', 'M00005', NULL, 1, 114),
('0000000040', '0000000023', 'M00005', NULL, 1, 114),
('0000000041', '0000000023', 'M00003', NULL, 3, 84),
('0000000042', '0000000023', 'M00005', NULL, 1, 114),
('0000000043', '0000000023', 'M00003', NULL, 3, 84),
('0000000044', '0000000023', 'M00003', NULL, 3, 84),
('0000000045', '0000000023', 'M00005', NULL, 1, 114),
('0000000046', '0000000023', 'M00003', NULL, 3, 84),
('0000000047', '0000000023', 'M00005', NULL, 1, 114),
('0000000048', '0000000023', 'M00003', NULL, 3, 84),
('0000000049', '0000000023', 'M00003', NULL, 3, 84),
('0000000050', '0000000023', 'M00005', NULL, 1, 114),
('0000000051', '0000000023', 'M00003', NULL, 3, 84),
('0000000052', '0000000023', 'M00005', NULL, 1, 114),
('0000000053', '0000000023', 'M00003', NULL, 3, 84),
('0000000054', '0000000023', 'M00005', NULL, 1, 114),
('0000000055', '0000000023', 'M00003', NULL, 3, 84),
('0000000056', '0000000023', 'M00005', NULL, 1, 114),
('0000000057', '0000000023', 'M00005', NULL, 1, 114),
('0000000058', '0000000023', 'M00003', NULL, 3, 84),
('0000000059', '0000000023', 'M00003', NULL, 3, 84),
('0000000060', '0000000023', 'M00005', NULL, 1, 114),
('0000000061', '0000000028', 'M00004', NULL, 1, 84),
('0000000062', '0000000028', 'A00001', NULL, 1, 136),
('0000000063', '0000000028', 'A00001', NULL, 1, 136),
('0000000064', '0000000028', 'M00004', NULL, 1, 84),
('0000000065', '0000000028', 'A00001', NULL, 1, 136),
('0000000066', '0000000028', 'M00004', NULL, 1, 84),
('0000000067', '0000000028', 'A00001', NULL, 1, 136),
('0000000068', '0000000028', 'M00004', NULL, 1, 84),
('0000000069', '0000000028', 'M00004', NULL, 1, 84),
('0000000070', '0000000028', 'A00001', NULL, 1, 136),
('0000000071', '0000000028', 'A00001', NULL, 1, 136),
('0000000072', '0000000028', 'M00004', NULL, 1, 84),
('0000000073', '0000000028', 'A00001', NULL, 1, 136),
('0000000074', '0000000028', 'S10005', 'C00005', 1, 229),
('0000000075', '0000000028', 'S20001', 'C00005', 1, -15),
('0000000076', '0000000028', 'D10001', 'C00005', 1, 27),
('0000000077', '0000000028', 'A00001', NULL, 1, 136),
('0000000078', '0000000028', 'M00004', NULL, 1, 84),
('0000000079', '0000000028', 'D10001', 'C00003', 1, 27),
('0000000080', '0000000028', 'A00001', NULL, 1, 136),
('0000000081', '0000000028', 'S10005', 'C00005', 1, 229),
('0000000082', '0000000028', 'S10003', 'C00003', 1, 199),
('0000000083', '0000000028', 'S20001', 'C00003', 1, -15),
('0000000084', '0000000028', 'D10001', 'C00003', 1, 27),
('0000000085', '0000000028', 'A00001', NULL, 1, 136),
('0000000086', '0000000028', 'S10003', 'C00003', 1, 199),
('0000000087', '0000000028', 'S20001', 'C00003', 1, -15),
('0000000088', '0000000028', 'M00004', NULL, 1, 84),
('0000000089', '0000000028', 'S10005', 'C00005', 1, 229),
('0000000090', '0000000028', 'S20001', 'C00005', 1, -15),
('0000000091', '0000000028', 'D10001', 'C00005', 1, 27),
('0000000092', '0000000028', 'S10005', 'C00005', 1, 229),
('0000000093', '0000000028', 'S10003', 'C00003', 1, 199),
('0000000094', '0000000028', 'M00004', NULL, 1, 84),
('0000000095', '0000000028', 'D10001', 'C00003', 1, 27),
('0000000096', '0000000028', 'M00004', NULL, 1, 84),
('0000000097', '0000000028', 'S10003', 'C00003', 1, 199),
('0000000098', '0000000028', 'S10005', 'C00005', 1, 229),
('0000000099', '0000000028', 'S20001', 'C00005', 1, -15),
('0000000100', '0000000028', 'D10001', 'C00005', 1, 27),
('0000000101', '0000000028', 'S10005', 'C00005', 1, 229),
('0000000102', '0000000028', 'S10003', 'C00003', 1, 199),
('0000000103', '0000000028', 'A00001', NULL, 1, 136),
('0000000104', '0000000028', 'M00004', NULL, 1, 84),
('0000000105', '0000000028', 'S10005', 'C00005', 1, 229),
('0000000106', '0000000028', 'M00004', NULL, 1, 84),
('0000000107', '0000000028', 'A00001', NULL, 1, 136),
('0000000108', '0000000028', 'S10003', 'C00003', 1, 199),
('0000000109', '0000000028', 'S20001', 'C00003', 1, -15),
('0000000110', '0000000028', 'D10001', 'C00003', 1, 27),
('0000000111', '0000000028', 'A00001', NULL, 1, 136),
('0000000112', '0000000028', 'S20001', 'C00003', 1, -15),
('0000000113', '0000000028', 'M00004', NULL, 1, 84),
('0000000114', '0000000028', 'S10003', 'C00003', 1, 199),
('0000000115', '0000000028', 'S20001', 'C00005', 1, -15),
('0000000116', '0000000028', 'D10001', 'C00003', 1, 27),
('0000000117', '0000000028', 'S10005', 'C00005', 1, 229),
('0000000118', '0000000028', 'S20001', 'C00005', 1, -15),
('0000000119', '0000000028', 'D10001', 'C00005', 1, 27),
('0000000120', '0000000028', 'S10005', 'C00005', 1, 229),
('0000000121', '0000000028', 'S20001', 'C00005', 1, -15),
('0000000122', '0000000028', 'D10001', 'C00005', 1, 27),
('0000000123', '0000000028', 'S10005', 'C00005', 1, 229),
('0000000124', '0000000028', 'S20001', 'C00005', 1, -15),
('0000000125', '0000000028', 'D10001', 'C00005', 1, 27),
('0000000126', '0000000028', 'S10005', 'C00005', 1, 229),
('0000000127', '0000000028', 'S20001', 'C00005', 1, -15),
('0000000128', '0000000028', 'D10001', 'C00005', 1, 27),
('0000000129', '0000000028', 'S10003', 'C00003', 1, 199),
('0000000130', '0000000028', 'A00001', NULL, 1, 136),
('0000000131', '0000000028', 'D10001', 'C00003', 1, 27),
('0000000132', '0000000028', 'M00004', NULL, 1, 84),
('0000000133', '0000000028', 'S20001', 'C00005', 1, -15),
('0000000134', '0000000028', 'D10001', 'C00005', 1, 27),
('0000000135', '0000000028', 'S10005', 'C00005', 1, 229),
('0000000136', '0000000028', 'S20001', 'C00005', 1, -15),
('0000000137', '0000000028', 'D10001', 'C00005', 1, 27),
('0000000138', '0000000028', 'S10005', 'C00005', 1, 229),
('0000000139', '0000000028', 'S20001', 'C00005', 1, -15),
('0000000140', '0000000028', 'D10001', 'C00005', 1, 27),
('0000000141', '0000000028', 'S10003', 'C00003', 1, 199),
('0000000142', '0000000028', 'S20001', 'C00003', 1, -15),
('0000000143', '0000000028', 'D10001', 'C00003', 1, 27),
('0000000144', '0000000028', 'A00001', NULL, 1, 136),
('0000000145', '0000000028', 'S10003', 'C00003', 1, 199),
('0000000146', '0000000028', 'S10005', 'C00005', 1, 229),
('0000000147', '0000000028', 'D10001', 'C00003', 1, 27),
('0000000148', '0000000028', 'M00004', NULL, 1, 84),
('0000000149', '0000000028', 'S10005', 'C00005', 1, 229),
('0000000150', '0000000028', 'S20001', 'C00005', 1, -15),
('0000000151', '0000000028', 'D10001', 'C00005', 1, 27),
('0000000152', '0000000028', 'S10005', 'C00005', 1, 229),
('0000000153', '0000000028', 'S20001', 'C00005', 1, -15),
('0000000154', '0000000028', 'D10001', 'C00005', 1, 27),
('0000000155', '0000000028', 'S10005', 'C00005', 1, 229),
('0000000156', '0000000028', 'S20001', 'C00005', 1, -15),
('0000000157', '0000000028', 'D10001', 'C00005', 1, 27),
('0000000158', '0000000028', 'S10005', 'C00005', 1, 229),
('0000000159', '0000000028', 'S20001', 'C00005', 1, -15),
('0000000160', '0000000028', 'D10001', 'C00005', 1, 27),
('0000000161', '0000000028', 'S10005', 'C00005', 1, 229),
('0000000162', '0000000028', 'S20001', 'C00005', 1, -15),
('0000000163', '0000000028', 'D10001', 'C00005', 1, 27),
('0000000164', '0000000028', 'S10005', 'C00005', 1, 229),
('0000000165', '0000000028', 'S20001', 'C00005', 1, -15),
('0000000166', '0000000028', 'D10001', 'C00005', 1, 27),
('0000000167', '0000000028', 'M00004', NULL, 1, 84),
('0000000168', '0000000028', 'A00001', NULL, 1, 136),
('0000000169', '0000000028', 'S10005', 'C00005', 1, 229),
('0000000170', '0000000028', 'S10003', 'C00003', 1, 199),
('0000000171', '0000000028', 'S20001', 'C00003', 1, -15),
('0000000172', '0000000028', 'D10001', 'C00003', 1, 27),
('0000000173', '0000000028', 'S10005', 'C00005', 1, 229),
('0000000174', '0000000028', 'S20001', 'C00005', 1, -15),
('0000000175', '0000000028', 'D10001', 'C00005', 1, 27),
('0000000176', '0000000028', 'S10005', 'C00005', 1, 229),
('0000000177', '0000000028', 'S20001', 'C00005', 1, -15),
('0000000178', '0000000028', 'D10001', 'C00005', 1, 27),
('0000000179', '0000000028', 'S10003', 'C00003', 1, 199),
('0000000180', '0000000028', 'S20001', 'C00003', 1, -15),
('0000000181', '0000000028', 'D10001', 'C00003', 1, 27),
('0000000182', '0000000028', 'M00004', NULL, 1, 84),
('0000000183', '0000000028', 'A00001', NULL, 1, 136),
('0000000184', '0000000028', 'S10005', 'C00005', 1, 229),
('0000000185', '0000000028', 'S20001', 'C00005', 1, -15),
('0000000186', '0000000028', 'D10001', 'C00005', 1, 27),
('0000000187', '0000000028', 'M00004', NULL, 1, 84),
('0000000188', '0000000028', 'S10003', 'C00003', 1, 199),
('0000000189', '0000000028', 'S20001', 'C00003', 1, -15),
('0000000190', '0000000028', 'D10001', 'C00003', 1, 27),
('0000000191', '0000000028', 'A00001', NULL, 1, 136),
('0000000192', '0000000028', 'S10005', 'C00005', 1, 229),
('0000000193', '0000000028', 'S20001', 'C00005', 1, -15),
('0000000194', '0000000028', 'D10001', 'C00005', 1, 27),
('0000000195', '0000000028', 'M00004', NULL, 1, 84),
('0000000196', '0000000028', 'S10003', 'C00003', 1, 199),
('0000000197', '0000000028', 'S20001', 'C00003', 1, -15),
('0000000198', '0000000028', 'D10001', 'C00003', 1, 27),
('0000000199', '0000000028', 'A00001', NULL, 1, 136),
('0000000200', '0000000028', 'S10005', 'C00005', 1, 229),
('0000000201', '0000000028', 'S20001', 'C00005', 1, -15),
('0000000202', '0000000028', 'D10001', 'C00005', 1, 27),
('0000000203', '0000000028', 'S10003', 'C00003', 1, 199),
('0000000204', '0000000028', 'S20001', 'C00003', 1, -15),
('0000000205', '0000000028', 'D10001', 'C00003', 1, 27),
('0000000206', '0000000028', 'A00001', NULL, 1, 136),
('0000000207', '0000000028', 'M00004', NULL, 1, 84),
('0000000208', '0000000028', 'S10005', 'C00005', 1, 229),
('0000000209', '0000000028', 'S20001', 'C00005', 1, -15),
('0000000210', '0000000028', 'D10001', 'C00005', 1, 27),
('0000000211', '0000000028', 'M00004', NULL, 1, 84),
('0000000212', '0000000028', 'S10003', 'C00003', 1, 199),
('0000000213', '0000000028', 'S20001', 'C00003', 1, -15),
('0000000214', '0000000028', 'D10001', 'C00003', 1, 27),
('0000000215', '0000000028', 'A00001', NULL, 1, 136),
('0000000216', '0000000030', 'M00005', NULL, 1, 114),
('0000000217', '0000000030', 'S10004', 'C00004', 1, 199),
('0000000218', '0000000030', 'S20001', 'C00004', 1, -15),
('0000000219', '0000000030', 'D10002', 'C00004', 1, 52),
('0000000220', '0000000031', 'S10006', 'C00006', 1, 229),
('0000000221', '0000000031', 'S20001', 'C00006', 1, -15),
('0000000222', '0000000031', 'D10001', 'C00006', 1, 27),
('0000000223', '0000000031', 'S10005', 'C00005', 2, 229),
('0000000224', '0000000031', 'S20001', 'C00005', 2, -15),
('0000000225', '0000000031', 'D10001', 'C00005', 2, 27),
('0000000226', '0000000031', 'A00014', NULL, 1, 45),
('0000000227', '0000000031', 'A00006', NULL, 3, 55),
('0000000228', '0000000032', 'S10003', 'C00003', 1, 199),
('0000000229', '0000000032', 'S20001', 'C00003', 1, -15),
('0000000230', '0000000032', 'D10001', 'C00003', 1, 27),
('0000000231', '0000000035', 'S10004', 'C00004', 1, 199),
('0000000232', '0000000035', 'S20001', 'C00004', 1, -15),
('0000000233', '0000000035', 'D10001', 'C00004', 1, 27),
('0000000234', '0000000036', 'S10005', 'C00005', 2, 229),
('0000000235', '0000000036', 'S20001', 'C00005', 2, -15),
('0000000236', '0000000036', 'D10001', 'C00005', 2, 27),
('0000000237', '0000000037', 'S10005', 'C00005', 1, 229),
('0000000238', '0000000037', 'S20001', 'C00005', 1, -15),
('0000000239', '0000000037', 'D10001', 'C00005', 1, 27),
('0000000240', '0000000038', 'S10004', 'C00004', 1, 199),
('0000000241', '0000000038', 'S20001', 'C00004', 1, -15),
('0000000242', '0000000038', 'D10001', 'C00004', 1, 27),
('0000000243', '0000000040', 'S10005', 'C00005', 1, 229),
('0000000244', '0000000040', 'S20001', 'C00005', 1, -15),
('0000000245', '0000000040', 'D10001', 'C00005', 1, 27),
('0000000246', '0000000041', 'S10004', 'C00004', 1, 199),
('0000000247', '0000000041', 'S20001', 'C00004', 1, -15),
('0000000248', '0000000041', 'D10001', 'C00004', 1, 27),
('0000000249', '0000000042', 'S10004', 'C00004', 1, 199),
('0000000250', '0000000042', 'S20001', 'C00004', 1, -15),
('0000000251', '0000000042', 'D10001', 'C00004', 1, 27),
('0000000252', '0000000044', 'M00004', NULL, 1, 84),
('0000000253', '0000000049', 'A00004', NULL, 5, 49),
('0000000254', '0000000049', 'A00004', NULL, 5, 49),
('0000000255', '0000000051', 'S10007', 'C00007', 1, 229),
('0000000256', '0000000051', 'S20002', 'C00007', 1, 0),
('0000000257', '0000000051', 'D10001', 'C00007', 1, 27),
('0000000258', '0000000051', 'A00014', NULL, 1, 45),
('0000000259', '0000000052', 'M00004', NULL, 1, 84),
('0000000260', '0000000053', 'M00009', NULL, 1, 104),
('0000000261', '0000000053', 'M00014', NULL, 1, 60),
('0000000262', '0000000054', 'S10007', 'C00007', 1, 229),
('0000000263', '0000000054', 'S20002', 'C00007', 1, 0),
('0000000264', '0000000054', 'D10001', 'C00007', 1, 27),
('0000000265', '0000000054', 'D10018', NULL, 1, 38),
('0000000266', '0000000056', 'S10017', 'C00017', 2, 219),
('0000000267', '0000000056', 'S20001', 'C00017', 2, -15),
('0000000268', '0000000056', 'D10001', 'C00017', 2, 27),
('0000000269', '0000000064', 'A00007', NULL, 1, 35),
('0000000270', '0000000064', 'A00007', NULL, 1, 35),
('0000000271', '0000000064', 'A00004', NULL, 1, 49),
('0000000272', '0000000064', 'A00004', NULL, 1, 49),
('0000000273', '0000000064', 'A00007', NULL, 1, 35),
('0000000274', '0000000065', 'S10005', 'C00005', 1, 229),
('0000000275', '0000000065', 'S20006', 'C00005', 1, -60),
('0000000276', '0000000065', 'D10019', 'C00005', 1, 7),
('0000000277', '0000000069', 'A00007', NULL, 1, 35),
('0000000278', '0000000069', 'S20001', 'C00005', 1, -15),
('0000000279', '0000000069', 'D10001', 'C00005', 1, 27),
('0000000280', '0000000070', 'A00015', NULL, 1, 49),
('0000000281', '0000000070', 'S10003', 'C00003', 1, 199),
('0000000282', '0000000070', 'S20001', 'C00003', 1, -15),
('0000000283', '0000000070', 'D10001', 'C00003', 1, 27),
('0000000284', '0000000071', 'S10003', 'C00003', 1, 199),
('0000000285', '0000000071', 'S20001', 'C00003', 1, -15),
('0000000286', '0000000071', 'D10001', 'C00003', 1, 27),
('0000000287', '0000000072', 'S10004', 'C00004', 1, 199),
('0000000288', '0000000072', 'S20001', 'C00004', 1, -15),
('0000000289', '0000000072', 'D10004', 'C00004', 1, 17),
('0000000290', '0000000078', 'D10002', NULL, 3, 90),
('0000000291', '0000000080', 'M00006', NULL, 2, 114),
('0000000292', '0000000080', 'D10008', NULL, 1, 65),
('0000000293', '0000000081', 'S10011', 'C00011', 1, 195),
('0000000294', '0000000081', 'S20003', 'C00011', 1, 0),
('0000000295', '0000000081', 'D10001', 'C00011', 1, 27),
('0000000296', '0000000084', 'S10022', 'C00022', 2, 175),
('0000000297', '0000000084', 'M00018', NULL, 1, 64),
('0000000298', '0000000084', 'D10006', 'C00022', 2, 27),
('0000000299', '0000000090', 'D10001', NULL, 6, 65),
('0000000300', '0000000091', 'A00004', NULL, 4, 49),
('0000000301', '0000000092', 'S10005', 'C00005', 1, 229),
('0000000302', '0000000092', 'S20001', 'C00005', 1, -15),
('0000000303', '0000000092', 'D10001', 'C00005', 1, 27),
('0000000304', '0000000099', 'A00007', NULL, 1, 35),
('0000000305', '0000000099', 'S20001', 'C00003', 1, -15),
('0000000306', '0000000099', 'D10001', 'C00003', 1, 27),
('0000000307', '0000000113', 'S10005', 'C00005', 1, 229),
('0000000308', '0000000113', 'S20001', 'C00005', 1, -15),
('0000000309', '0000000113', 'D10001', 'C00005', 1, 27),
('0000000310', '0000000114', 'M00005', NULL, 1, 114),
('0000000311', '0000000117', 'M00007', NULL, 2, 114),
('0000000312', '0000000124', 'M00012', NULL, 1, 70),
('0000000313', '0000000125', 'S10005', 'C00005', 1, 229),
('0000000314', '0000000125', 'S20001', 'C00005', 1, -15),
('0000000315', '0000000125', 'D10001', 'C00005', 1, 27),
('0000000316', '0000000126', 'M00005', NULL, 1, 114),
('0000000317', '0000000129', 'S10005', 'C00005', 1, 229),
('0000000318', '0000000129', 'S20001', 'C00005', 1, -15),
('0000000319', '0000000129', 'D10001', 'C00005', 1, 27),
('0000000320', '0000000129', 'M00004', NULL, 1, 84),
('0000000321', '0000000129', 'M00004', NULL, 1, 84),
('0000000322', '0000000129', 'S10005', 'C00005', 1, 229),
('0000000323', '0000000129', 'S20001', 'C00005', 1, -15),
('0000000324', '0000000129', 'D10001', 'C00005', 1, 27),
('0000000325', '0000000130', 'M00005', NULL, 1, 114),
('0000000326', '0000000132', 'A00008', NULL, 1, 35),
('0000000327', '0000000133', 'D10001', NULL, 1, 65),
('0000000328', '0000000134', 'A00008', NULL, 1, 35),
('0000000329', '0000000134', 'D10012', NULL, 1, 38),
('0000000330', '0000000138', 'S10004', 'C00004', 1, 199),
('0000000331', '0000000138', 'S20001', 'C00004', 1, -15),
('0000000332', '0000000138', 'D10001', 'C00004', 1, 27),
('0000000333', '0000000159', 'M00021', NULL, 1, 49),
('0000000334', '0000000160', 'M00021', NULL, 1, 49),
('0000000335', '0000000161', 'S10003', 'C00003', 1, 199),
('0000000336', '0000000161', 'S20001', 'C00003', 1, -15),
('0000000337', '0000000161', 'D10001', 'C00003', 1, 27),
('0000000338', '0000000162', 'S10003', 'C00003', 1, 199),
('0000000339', '0000000162', 'S20001', 'C00003', 1, -15),
('0000000340', '0000000162', 'D10001', 'C00003', 1, 27),
('0000000341', '0000000165', 'M00004', NULL, 1, 84),
('0000000342', '0000000166', 'M00003', NULL, 1, 84),
('0000000343', '0000000167', 'M00003', NULL, 1, 84),
('0000000344', '0000000169', 'A00003', NULL, 1, 130),
('0000000345', '0000000170', 'A00003', NULL, 1, 130),
('0000000346', '0000000171', 'A00003', NULL, 1, 130),
('0000000347', '0000000175', 'A00007', NULL, 1, 35),
('0000000348', '0000000175', 'S20001', 'C00022', 1, -15),
('0000000349', '0000000175', 'D10001', 'C00022', 1, 27),
('0000000350', '0000000176', 'A00007', NULL, 1, 35),
('0000000351', '0000000176', 'S10021', 'C00021', 1, 164),
('0000000352', '0000000176', 'D10001', 'C00022', 1, 27),
('0000000353', '0000000176', 'D10001', 'C00021', 1, 27),
('0000000354', '0000000178', 'S10018', 'C00018', 1, 179),
('0000000355', '0000000178', 'S20001', 'C00018', 1, -15),
('0000000356', '0000000178', 'D10001', 'C00018', 1, 27),
('0000000357', '0000000178', 'D10001', 'C00006', 1, 27),
('0000000358', '0000000179', 'A00007', NULL, 1, 35),
('0000000359', '0000000179', 'S20001', 'C00018', 1, -15),
('0000000360', '0000000179', 'D10001', 'C00018', 1, 27),
('0000000361', '0000000181', 'S10006', 'C00006', 1, 229),
('0000000362', '0000000181', 'S20004', 'C00006', 1, -60),
('0000000363', '0000000181', 'S10004', 'C00004', 1, 199),
('0000000364', '0000000181', 'S10003', 'C00003', 1, 199),
('0000000365', '0000000181', 'D10001', 'C00004', 1, 27),
('0000000366', '0000000181', 'D10001', 'C00003', 1, 27),
('0000000367', '0000000182', 'S10003', 'C00003', 1, 199),
('0000000368', '0000000182', 'S20001', 'C00003', 1, -15),
('0000000369', '0000000182', 'D10001', 'C00003', 1, 27),
('0000000370', '0000000183', 'S10003', 'C00003', 1, 199),
('0000000371', '0000000183', 'A00007', NULL, 1, 35),
('0000000372', '0000000183', 'D10001', 'C00003', 1, 27),
('0000000373', '0000000184', 'D10001', NULL, 1, 65),
('0000000374', '0000000184', 'D10002', NULL, 1, 90),
('0000000375', '0000000184', 'A00006', NULL, 1, 55),
('0000000376', '0000000184', 'M00012', NULL, 1, 70),
('0000000377', '0000000185', 'M00004', NULL, 1, 84),
('0000000378', '0000000186', 'M00004', NULL, 1, 84),
('0000000379', '0000000186', 'M00004', NULL, 1, 84),
('0000000380', '0000000186', 'M00004', NULL, 1, 84),
('0000000381', '0000000188', 'M00004', NULL, 1, 84),
('0000000382', '0000000188', 'S10003', 'C00003', 1, 199),
('0000000383', '0000000188', 'S20001', 'C00003', 1, -15),
('0000000384', '0000000188', 'D10001', 'C00003', 1, 27),
('0000000385', '0000000188', 'S10005', 'C00005', 1, 229),
('0000000386', '0000000188', 'S20001', 'C00005', 1, -15),
('0000000387', '0000000188', 'D10001', 'C00005', 1, 27),
('0000000388', '0000000188', 'M00004', NULL, 1, 84),
('0000000389', '0000000188', 'M00004', NULL, 1, 84),
('0000000390', '0000000188', 'S10003', 'C00003', 1, 199),
('0000000391', '0000000188', 'S20001', 'C00003', 1, -15),
('0000000392', '0000000188', 'D10001', 'C00003', 1, 27),
('0000000393', '0000000188', 'S10005', 'C00005', 1, 229),
('0000000394', '0000000188', 'S20001', 'C00005', 1, -15),
('0000000395', '0000000188', 'D10001', 'C00005', 1, 27),
('0000000396', '0000000188', 'M00004', NULL, 1, 84),
('0000000397', '0000000188', 'S10003', 'C00003', 1, 199),
('0000000398', '0000000188', 'S20001', 'C00003', 1, -15),
('0000000399', '0000000188', 'D10001', 'C00003', 1, 27),
('0000000400', '0000000188', 'S10005', 'C00005', 1, 229),
('0000000401', '0000000188', 'S20001', 'C00005', 1, -15),
('0000000402', '0000000188', 'D10001', 'C00005', 1, 27),
('0000000403', '0000000248', 'S10003', 'C00003', 2, 199),
('0000000404', '0000000248', 'S20003', 'C00003', 2, 0),
('0000000405', '0000000248', 'D10001', 'C00003', 2, 27),
('0000000406', '0000000261', 'A00006', NULL, 1, 55),
('0000000407', '0000000262', 'A00006', NULL, 1, 55),
('0000000408', '0000000267', 'M00004', NULL, 1, 84),
('0000000409', '0000000267', 'D10001', NULL, 1, 65),
('0000000410', '0000000267', 'M00018', NULL, 1, 64),
('0000000411', '0000000267', 'S20001', 'C00003', 2, -15),
('0000000412', '0000000267', 'D10001', 'C00003', 2, 27),
('0000000413', '0000000271', 'M00004', NULL, 3, 84),
('0000000414', '0000000271', 'M00004', NULL, 3, 84),
('0000000415', '0000000272', 'M00003', NULL, 1, 84),
('0000000416', '0000000272', 'M00003', NULL, 1, 84),
('0000000417', '0000000274', 'S10003', 'C00003', 1, 199),
('0000000418', '0000000274', 'S20001', 'C00003', 1, -15),
('0000000419', '0000000274', 'D10001', 'C00003', 1, 27),
('0000000420', '0000000275', 'M00004', NULL, 1, 84),
('0000000421', '0000000276', 'M00004', NULL, 1, 84),
('0000000422', '0000000277', 'S10012', 'C00012', 1, 185),
('0000000423', '0000000277', 'S20001', 'C00012', 1, -15),
('0000000424', '0000000277', 'D10004', 'C00012', 1, 17),
('0000000425', '0000000280', 'S10003', 'C00003', 2, 199),
('0000000426', '0000000280', 'S20003', 'C00003', 2, 0),
('0000000427', '0000000280', 'D10001', 'C00003', 2, 27),
('0000000428', '0000000281', 'M00003', NULL, 1, 84),
('0000000429', '0000000282', 'S10004', 'C00004', 2, 199),
('0000000430', '0000000282', 'S20003', 'C00004', 2, 0),
('0000000431', '0000000282', 'D10001', 'C00004', 2, 27),
('0000000432', '0000000287', 'A00006', NULL, 10, 55),
('0000000433', '0000000288', 'M00004', NULL, 1, 84),
('0000000434', '0000000289', 'D10037', NULL, 17, 33),
('0000000435', '0000000289', 'S10017', 'C00017', 1, 219),
('0000000436', '0000000289', 'S20004', 'C00017', 1, -60),
('0000000437', '0000000289', 'D10001', 'C00017', 1, 27),
('0000000438', '0000000289', 'M00018', NULL, 1, 64),
('0000000439', '0000000292', 'M00003', NULL, 1, 84),
('0000000440', '0000000299', 'M00003', NULL, 1, 84),
('0000000441', '0000000300', 'M00003', NULL, 1, 84),
('0000000442', '0000000301', 'M00003', NULL, 1, 84),
('0000000443', '0000000305', 'D10023', NULL, 2, 33),
('0000000444', '0000000305', 'S10003', 'C00003', 1, 199),
('0000000445', '0000000305', 'S20001', 'C00003', 1, -15),
('0000000446', '0000000305', 'D10001', 'C00003', 1, 27),
('0000000447', '0000000306', 'D10014', NULL, 1, 33),
('0000000448', '0000000306', 'A00007', NULL, 1, 35),
('0000000449', '0000000306', 'S20001', 'C00004', 2, -15),
('0000000450', '0000000306', 'D10001', 'C00004', 2, 27),
('0000000451', '0000000307', 'A00005', NULL, 1, 49),
('0000000452', '0000000307', 'D10006', NULL, 2, 65),
('0000000453', '0000000307', 'M00003', NULL, 1, 84),
('0000000454', '0000000308', 'A00005', NULL, 1, 49),
('0000000455', '0000000308', 'M00003', NULL, 1, 84),
('0000000456', '0000000308', 'D10006', NULL, 2, 65),
('0000000457', '0000000309', 'M00003', NULL, 1, 84),
('0000000458', '0000000309', 'D10006', NULL, 2, 65),
('0000000459', '0000000309', 'A00005', NULL, 1, 49),
('0000000460', '0000000310', 'S10003', 'C00003', 1, 199),
('0000000461', '0000000310', 'S20001', 'C00003', 1, -15),
('0000000462', '0000000310', 'D10001', 'C00003', 1, 27),
('0000000463', '0000000311', 'S10003', 'C00003', 1, 199),
('0000000464', '0000000311', 'S20001', 'C00003', 1, -15),
('0000000465', '0000000311', 'D10001', 'C00003', 1, 27),
('0000000466', '0000000312', 'D10009', NULL, 1, 75),
('0000000467', '0000000313', 'A00003', NULL, 1, 130),
('0000000468', '0000000314', 'S10003', 'C00003', 1, 199),
('0000000469', '0000000314', 'S20001', 'C00003', 1, -15),
('0000000470', '0000000314', 'D10001', 'C00003', 1, 27),
('0000000471', '0000000315', 'D10009', NULL, 1, 75),
('0000000472', '0000000316', 'A00003', NULL, 1, 130);

-- --------------------------------------------------------

--
-- Table structure for table `mealcustomer`
--

CREATE TABLE `mealcustomer` (
  `NO` varchar(10) NOT NULL,
  `CUID` varchar(4) NOT NULL,
  `CusSetting` int(11) NOT NULL,
  `Price` double NOT NULL
) ENGINE=InnoDB DEFAULT CHARSET=utf8;

--
-- Dumping data for table `mealcustomer`
--

INSERT INTO `mealcustomer` (`NO`, `CUID`, `CusSetting`, `Price`) VALUES
('0000000001', 'M003', 3, 10),
('0000000002', 'M004', 3, 10),
('0000000005', 'M004', 3, 10),
('0000000023', 'M003', 3, 10);

-- --------------------------------------------------------

--
-- Table structure for table `option`
--

CREATE TABLE `option` (
  `OPID` varchar(3) NOT NULL,
  `OPName` varchar(30) NOT NULL,
  `EOPName` varchar(50) NOT NULL,
  `Imag` varchar(300) DEFAULT NULL,
  `avalible` varchar(1) NOT NULL
) ENGINE=InnoDB DEFAULT CHARSET=utf8;

--
-- Dumping data for table `option`
--

INSERT INTO `option` (`OPID`, `OPName`, `EOPName`, `Imag`, `avalible`) VALUES
('000', '其他', 'else', '', '1'),
('001', '炸蝦天婦羅安格斯黑牛堡', 'Shrimp Angus Beef Burger', 'https://github.com/pei-ci/Macdonald_Pictures/blob/main/McD_Menu/Main/Burger/Shrimp_Angus_Beef_Burger.PNG?raw=true', '0'),
('002', '雙蝦天婦羅堡', 'Double Shrimp Burger', 'https://github.com/pei-ci/Macdonald_Pictures/blob/main/McD_Menu/Main/Burger/Double_Shrimp_Burger.PNG?raw=true', '0'),
('003', '薑燒豬肉長堡', 'Ginger Pork Burger', 'https://github.com/pei-ci/Macdonald_Pictures/blob/main/McD_Menu/Main/Burger/Ginger_Pork_Burger.PNG?raw=true', '1'),
('004', '煙燻雞長堡', 'Smoked Chicken Burger', 'https://github.com/pei-ci/Macdonald_Pictures/blob/main/McD_Menu/Main/Burger/Smoked_Chicken_Burger.PNG?raw=true', '1'),
('005', 'BLT安格斯黑牛堡', 'BLT Angus Beef Burger', 'https://github.com/pei-ci/Macdonald_Pictures/blob/main/McD_Menu/Main/Burger/BLT_Angus_Beef_Burger.PNG?raw=true', '1'),
('006', 'BLT辣脆雞腿堡', 'BLT Spicy Chicken Burger', 'https://github.com/pei-ci/Macdonald_Pictures/blob/main/McD_Menu/Main/Burger/BLT_Spicy_Chicken_Burger.PNG?raw=true', '1'),
('007', 'BLT嫩煎雞腿堡', 'BLT Grilled Chicken Burger', 'https://github.com/pei-ci/Macdonald_Pictures/blob/main/McD_Menu/Main/Burger/BLT_Grilled_Chicken_Burger.PNG?raw=true', '1'),
('008', '蕈菇安格斯牛堡', 'Mushroom Angus Beef Burger', 'https://github.com/pei-ci/Macdonald_Pictures/blob/main/McD_Menu/Main/Burger/Mushroom_Angus_Beef_Burger.PNG?raw=true', '1'),
('009', '凱撒辣脆雞沙拉', 'Caesar Salad w/Spicy Chicken Filet', 'https://github.com/pei-ci/Macdonald_Pictures/blob/main/McD_Menu/Salad/Caesar_Salad_wSpicy_Chicken_Filet.PNG?raw=true', '1'),
('010', '義式烤雞沙拉', 'Italian Grilled Chicken Salad', 'https://github.com/pei-ci/Macdonald_Pictures/blob/main/McD_Menu/Salad/Italian_Grilled_Chicken_Salad.PNG?raw=true', '1'),
('011', '大麥克', 'Big Mac', 'https://github.com/pei-ci/Macdonald_Pictures/blob/main/McD_Menu/Main/Burger/BigMac.PNG?raw=true', '1'),
('012', '雙層牛肉吉事堡', 'Double Cheese Burger', 'https://github.com/pei-ci/Macdonald_Pictures/blob/main/McD_Menu/Main/Burger/Double_Cheese_Burger.PNG?raw=true', '1'),
('013', '麥脆雞腿', 'McCrispy-Chicken Leg/Thigh', 'https://github.com/pei-ci/Macdonald_Pictures/blob/main/McD_Menu/Main/FriedChicken/McCrispy-Chicken_LegThigh.PNG?raw=true', '1'),
('014', '麥脆雞翅', 'McCrispy-Chicken Wing', 'https://github.com/pei-ci/Macdonald_Pictures/blob/main/McD_Menu/Main/FriedChicken/McCrispy-Chicken_Wing.PNG?raw=true', '1'),
('015', '麥克雞塊(10塊)', '10pcs Chicken McNuggets', 'https://github.com/pei-ci/Macdonald_Pictures/blob/main/McD_Menu/Main/ChickenNuggets/10pcs_Chicken_McNuggets.PNG?raw=true', '1'),
('016', '麥克雞塊(6塊)', '6pcs Chicken McNuggets', 'https://github.com/pei-ci/Macdonald_Pictures/blob/main/McD_Menu/Main/ChickenNuggets/6pcs_Chicken_McNuggets.PNG?raw=true', '1'),
('017', '嫩煎雞腿堡', 'Grilled Chicken Burger', 'https://github.com/pei-ci/Macdonald_Pictures/blob/main/McD_Menu/Main/Burger/Grilled_Chicken_Burger.PNG?raw=true', '1'),
('018', '勁辣雞腿堡', 'Spicy Chicken Filet', 'https://github.com/pei-ci/Macdonald_Pictures/blob/main/McD_Menu/Main/Burger/Spicy_Chicken_Filet.PNG?raw=true', '1'),
('019', '麥香雞', 'McChicken', 'https://github.com/pei-ci/Macdonald_Pictures/blob/main/McD_Menu/Main/Burger/McChicken.PNG?raw=true', '1'),
('020', '麥香魚', 'Filet-O-Fish', 'https://github.com/pei-ci/Macdonald_Pictures/blob/main/McD_Menu/Main/Burger/Filet-O-Fish.PNG?raw=true', '1'),
('021', '冰蜂蜜奶茶', 'Liced Honey Milk Tea', 'https://github.com/pei-ci/Macdonald_Pictures/blob/main/%E9%A3%B2%E6%96%99/%E5%86%B0%E8%9C%82%E8%9C%9C%E5%A5%B6%E8%8C%B6.png?raw=true', '1'),
('022', '冰蜂蜜那堤', 'Iced Honey Latte-L2', 'https://github.com/pei-ci/Macdonald_Pictures/blob/main/%E9%A3%B2%E6%96%99/%E5%86%B0%E8%9C%82%E8%9C%9C%E9%82%A3%E5%A0%A4.png?raw=true', '1'),
('023', '熱蜂蜜那堤', 'Honey Latte-L2', 'https://github.com/pei-ci/Macdonald_Pictures/blob/main/%E9%A3%B2%E6%96%99/%E7%86%B1%E8%9C%82%E8%9C%9C%E9%82%A3%E5%A0%A4.png?raw=true', '1'),
('024', '冰蜂蜜紅茶', 'Honey Iced Tea', 'https://github.com/pei-ci/Macdonald_Pictures/blob/main/%E9%A3%B2%E6%96%99/%E5%86%B0%E8%9C%82%E8%9C%9C%E7%B4%85%E8%8C%B6.png?raw=true', '1'),
('025', '經典冰那堤(無糖)', 'Iced Latte(No sugar)', 'https://github.com/pei-ci/Macdonald_Pictures/blob/main/%E9%A3%B2%E6%96%99/%E7%B6%93%E5%85%B8%E5%86%B0%E9%82%A3%E5%A0%A4(%E7%84%A1%E7%B3%96).png?raw=true', '1'),
('026', '經典冰美式咖啡(無糖)', '12oz Iced Americano(No sugar)', 'https://github.com/pei-ci/Macdonald_Pictures/blob/main/%E9%A3%B2%E6%96%99/%E7%B6%93%E5%85%B8%E5%86%B0%E7%BE%8E%E5%BC%8F%E5%92%96%E5%95%A1(%E7%84%A1%E7%B3%96).png?raw=true', '1'),
('027', '經典那堤', 'Hot Latte', 'https://github.com/pei-ci/Macdonald_Pictures/blob/main/%E9%A3%B2%E6%96%99/%E7%B6%93%E5%85%B8%E9%82%A3%E5%A0%A4.png?raw=true', '1'),
('028', '經典美式咖啡', '12oz Americano', 'https://github.com/pei-ci/Macdonald_Pictures/blob/main/%E9%A3%B2%E6%96%99/%E7%B6%93%E5%85%B8%E7%BE%8E%E5%BC%8F%E5%92%96%E5%95%A1.png?raw=true', '1'),
('029', '阿薩姆冰鮮奶茶', 'Iced Assam Latte', 'https://github.com/pei-ci/Macdonald_Pictures/blob/main/%E9%A3%B2%E6%96%99/%E5%86%B0%E9%98%BF%E8%96%A9%E5%A7%86%E9%AE%AE%E5%A5%B6%E8%8C%B6.png?raw=true', '1'),
('030', '阿薩姆鮮奶茶', 'Assam Latte', 'https://github.com/pei-ci/Macdonald_Pictures/blob/main/%E9%A3%B2%E6%96%99/%E9%98%BF%E8%96%A9%E5%A7%86%E9%AE%AE%E5%A5%B6%E8%8C%B6.png?raw=true', '1'),
('031', '冰紅茶(無糖)', 'Sugar-free Iced Black tea', 'https://github.com/pei-ci/Macdonald_Pictures/blob/main/%E9%A3%B2%E6%96%99/%E4%B8%AD%E6%9D%AF%E5%86%B0%E7%B4%85%E8%8C%B6(%E7%84%A1%E7%B3%96).png?raw=true', '1'),
('032', '冰綠茶(無糖)', 'Sugar-free Iced Green Tea', 'https://github.com/pei-ci/Macdonald_Pictures/blob/main/%E9%A3%B2%E6%96%99/%E4%B8%AD%E6%9D%AF%E5%86%B0%E7%B6%A0%E8%8C%B6(%E7%84%A1%E7%B3%96).png?raw=true', '1'),
('033', '可口可樂', 'Coca-Cola', 'https://github.com/pei-ci/Macdonald_Pictures/blob/main/%E9%A3%B2%E6%96%99/%E4%B8%AD%E6%9D%AF%E5%8F%AF%E5%8F%A3%E5%8F%AF%E6%A8%82.png?raw=true', '1'),
('034', '檸檬紅茶', 'Iced Tea', 'https://github.com/pei-ci/Macdonald_Pictures/blob/main/%E9%A3%B2%E6%96%99/%E4%B8%AD%E6%9D%AF%E6%AA%B8%E6%AA%AC%E7%B4%85%E8%8C%B6.png?raw=true', '1'),
('035', '雪碧', 'Sprite', 'https://github.com/pei-ci/Macdonald_Pictures/blob/main/%E9%A3%B2%E6%96%99/%E4%B8%AD%E6%9D%AF%E9%9B%AA%E7%A2%A7.png?raw=true', '1'),
('036', '零卡可樂', 'Zero Coke', 'https://github.com/pei-ci/Macdonald_Pictures/blob/main/%E9%A3%B2%E6%96%99/%E4%B8%AD%E6%9D%AF%E9%9B%B6%E5%8D%A1%E5%8F%AF%E6%A8%82.png?raw=true', '1'),
('037', '柳橙汁', 'Orange Juice', 'https://github.com/pei-ci/Macdonald_Pictures/blob/main/%E9%A3%B2%E6%96%99/%E5%A4%A7%E6%9D%AF%E6%9F%B3%E6%A9%99%E6%B1%81.png?raw=true', '1'),
('038', '熱奶茶', 'Hot Milk Tea', 'https://github.com/pei-ci/Macdonald_Pictures/blob/main/%E9%A3%B2%E6%96%99/%E7%86%B1%E5%A5%B6%E8%8C%B6.png?raw=true', '1'),
('039', '熱紅茶', 'Hot Tea', 'https://github.com/pei-ci/Macdonald_Pictures/blob/main/%E9%A3%B2%E6%96%99/%E7%86%B1%E7%B4%85%E8%8C%B6.png?raw=true', '1'),
('040', '冰奶茶', 'Iced Milk Tea', 'https://github.com/pei-ci/Macdonald_Pictures/blob/main/%E9%A3%B2%E6%96%99/%E5%A4%A7%E6%9D%AF%E5%86%B0%E5%A5%B6%E8%8C%B6.png?raw=true', '1'),
('041', '玉米湯', 'Corn Soup', 'https://github.com/pei-ci/Macdonald_Pictures/blob/main/%E9%A3%B2%E6%96%99/%E5%A4%A7%E6%9D%AF%E7%8E%89%E7%B1%B3%E6%B9%AF.png?raw=true', '1'),
('042', '鮮乳', 'Milk', 'https://github.com/pei-ci/Macdonald_Pictures/blob/main/%E9%A3%B2%E6%96%99/%E5%A5%97%E9%A4%90%E9%AE%AE%E4%B9%B3.png?raw=true', '1'),
('043', '新經典三拼', 'Classic Platter-New 3 Kind', 'https://github.com/pei-ci/Macdonald_Pictures/blob/main/McD_Menu/Desserts/Classic_Platter-New_3_Kind.PNG?raw=true', '1'),
('044', '勁辣香雞翅(6)', 'Spicy Chicken Wing(6)', 'https://github.com/pei-ci/Macdonald_Pictures/blob/main/McD_Menu/Desserts/Spicy_Chicken_Wing(6).PNG?raw=true', '1'),
('045', '酥嫩雞翅(6)', 'Tender Chicken Wing(6)', 'https://github.com/pei-ci/Macdonald_Pictures/blob/main/McD_Menu/Desserts/Tender_Chicken_Wing(6).PNG?raw=true', '1'),
('046', '勁辣香雞翅', 'Spicy Chicken Wing', 'https://github.com/pei-ci/Macdonald_Pictures/blob/main/McD_Menu/Desserts/Spicy_Chicken_Wing.PNG?raw=true', '1'),
('047', '酥嫩雞翅', 'Tender Chicken Wing', 'https://github.com/pei-ci/Macdonald_Pictures/blob/main/McD_Menu/Desserts/Tender_Chicken_Wing.PNG?raw=true', '1'),
('048', 'OREO冰炫風', 'McFlurry(OREO)', 'https://github.com/pei-ci/Macdonald_Pictures/blob/main/McD_Menu/Desserts/McFlurry(OREO).PNG?raw=true', '1'),
('049', '蘋果派', 'Apple Pie', 'https://github.com/pei-ci/Macdonald_Pictures/blob/main/McD_Menu/Desserts/Apple_Pie.PNG?raw=true', '1'),
('050', '薯條', 'French Fries', 'https://github.com/pei-ci/Macdonald_Pictures/blob/main/McD_Menu/Desserts/French_Fries.PNG?raw=true', '1'),
('051', '蛋捲冰淇淋', 'vabilla cone', 'https://github.com/pei-ci/Macdonald_Pictures/blob/main/McD_Menu/Desserts/Vanilla_ice_cream.PNG?raw=true', '1'),
('052', '大四季沙拉', 'Salad(L)', 'https://github.com/pei-ci/Macdonald_Pictures/blob/main/McD_Menu/Desserts/Salad(L).PNG?raw=true', '1'),
('053', '雞塊鬆餅大早餐', 'Grand Breakfast', 'https://github.com/pei-ci/Macdonald_Pictures/blob/main/McD_Menu/BreakfastPlatters/Grand_Breakfast.PNG?raw=true', '1'),
('054', '經典大早餐', 'Big Breakfast', 'https://github.com/pei-ci/Macdonald_Pictures/blob/main/McD_Menu/BreakfastPlatters/Big_Breakfast.PNG?raw=true', '1'),
('055', '豬肉鬆餅', 'Hotcakes w/Sausage', 'https://github.com/pei-ci/Macdonald_Pictures/blob/main/McD_Menu/BreakfastPlatters/Hotcakes_wSausage.PNG?raw=true', '1'),
('056', '鬆餅', 'Hotcakes', 'https://github.com/pei-ci/Macdonald_Pictures/blob/main/McD_Menu/BreakfastPlatters/Hotcakes.PNG?raw=true', '1'),
('057', '培根番茄嫩蛋焙果堡', 'Bacon Bagel w/Egg', 'https://github.com/pei-ci/Macdonald_Pictures/blob/main/McD_Menu/BreakfastMain/Bacon_Bagel_wEgg.PNG?raw=true', '1'),
('058', '起司番茄嫩蛋焙果堡', 'Cheese Bagel w/Egg', 'https://github.com/pei-ci/Macdonald_Pictures/blob/main/McD_Menu/BreakfastMain/Cheese_Bagel_wEgg.PNG?raw=true', '1'),
('059', '現烤焙果', 'Plain Bagel', 'https://github.com/pei-ci/Macdonald_Pictures/blob/main/McD_Menu/BreakfastMain/Plain_Bagel.PNG?raw=true', '1'),
('060', '無敵豬肉滿福堡加蛋', 'Mega Sausage McMuffin', 'https://github.com/pei-ci/Macdonald_Pictures/blob/main/McD_Menu/BreakfastMain/Mega_Sausage_McMuffin.PNG?raw=true', '1'),
('061', '豬肉滿福堡加蛋', 'Sausage McMuffin w/Egg', 'https://github.com/pei-ci/Macdonald_Pictures/blob/main/McD_Menu/BreakfastMain/Sausage_McMuffin_wEgg.PNG?raw=true', '1'),
('062', '豬肉滿福堡', 'Sausage McMuffin', 'https://github.com/pei-ci/Macdonald_Pictures/blob/main/McD_Menu/BreakfastMain/Sausage_McMuffin.PNG?raw=true', '1'),
('063', '滿福堡', 'Egg McMuffin', 'https://github.com/pei-ci/Macdonald_Pictures/blob/main/McD_Menu/BreakfastMain/Egg_McMuffin.PNG?raw=true', '1'),
('064', '香雞滿福堡加蛋', 'Chicken McMuffin w/Egg', 'https://github.com/pei-ci/Macdonald_Pictures/blob/main/McD_Menu/BreakfastMain/Chicken_McMuffin_wEgg.PNG?raw=true', '1'),
('065', '香雞滿福堡', 'Chicken McMuffin', 'https://github.com/pei-ci/Macdonald_Pictures/blob/main/McD_Menu/BreakfastMain/Chicken_McMuffin.PNG?raw=true', '1'),
('066', '青蔬滿福堡', 'McMuffin w/Vegetable', 'https://github.com/pei-ci/Macdonald_Pictures/blob/main/McD_Menu/BreakfastMain/McMuffin_wVegetable.PNG?raw=true', '1'),
('067', '香雞雙蛋堡', 'Double Egg Burger w/Chicken', 'https://github.com/pei-ci/Macdonald_Pictures/blob/main/McD_Menu/BreakfastMain/Double_Egg_Burger_wChicken.PNG?raw=true', '1'),
('068', '豬肉雙蛋堡', 'Double Egg Burger w/Sausage', 'https://github.com/pei-ci/Macdonald_Pictures/blob/main/McD_Menu/BreakfastMain/Double_Egg_Burger_wSausage.PNG?raw=true', '1'),
('069', '火腿雙蛋堡', 'Double Egg Burger w/Ham', 'https://github.com/pei-ci/Macdonald_Pictures/blob/main/McD_Menu/BreakfastMain/Double_Egg_Burger_wHam.PNG?raw=true', '1'),
('070', '吉事雙蛋堡', 'Double Egg Burger w/Cheese', 'https://github.com/pei-ci/Macdonald_Pictures/blob/main/McD_Menu/BreakfastMain/Double_Egg_Burger_wCheese.PNG?raw=true', '1'),
('071', '香雞蛋堡', 'Egg Burger w/Chicken', 'https://github.com/pei-ci/Macdonald_Pictures/blob/main/McD_Menu/BreakfastMain/Egg_Burger_wChicken.PNG?raw=true', '1'),
('072', '豬肉蛋堡', 'Egg Burger w/Sausage', 'https://github.com/pei-ci/Macdonald_Pictures/blob/main/McD_Menu/BreakfastMain/Double_Egg_Burger_wSausage.PNG?raw=true', '1'),
('073', '火腿蛋堡', 'Egg Burger w/Ham', 'https://github.com/pei-ci/Macdonald_Pictures/blob/main/McD_Menu/BreakfastMain/Egg_Burger_wHam.PNG?raw=true', '1'),
('074', '吉事蛋堡', 'Egg Burger w/Cheese', 'https://github.com/pei-ci/Macdonald_Pictures/blob/main/McD_Menu/BreakfastMain/Egg_Burger_wCheese.PNG?raw=true', '1'),
('075', '薯餅', 'hash brown', 'https://github.com/pei-ci/Macdonald_Pictures/blob/main/McD_Menu/BreakfastDesserts/Hash_Brown.PNG?raw=true', '1');

-- --------------------------------------------------------

--
-- Table structure for table `optionwithfoodtype`
--

CREATE TABLE `optionwithfoodtype` (
  `OPID` varchar(3) NOT NULL,
  `TypeID` varchar(2) NOT NULL
) ENGINE=InnoDB DEFAULT CHARSET=utf8;

--
-- Dumping data for table `optionwithfoodtype`
--

INSERT INTO `optionwithfoodtype` (`OPID`, `TypeID`) VALUES
('000', 'ES'),
('001', 'M1'),
('002', 'M1'),
('003', 'M1'),
('004', 'M1'),
('005', 'M1'),
('006', 'M1'),
('007', 'M1'),
('008', 'M1'),
('009', 'M1'),
('010', 'M1'),
('011', 'M1'),
('012', 'M1'),
('013', 'M1'),
('014', 'M1'),
('015', 'M1'),
('016', 'M1'),
('017', 'M1'),
('018', 'M1'),
('019', 'M1'),
('020', 'M1'),
('021', 'M2'),
('022', 'M2'),
('023', 'M2'),
('024', 'M2'),
('025', 'M2'),
('026', 'M2'),
('027', 'M2'),
('028', 'M2'),
('029', 'M2'),
('030', 'M2'),
('031', 'M2'),
('032', 'M2'),
('033', 'M2'),
('034', 'M2'),
('035', 'M2'),
('036', 'M2'),
('037', 'M2'),
('038', 'M2'),
('039', 'M2'),
('040', 'M2'),
('041', 'M2'),
('042', 'M2'),
('043', 'M3'),
('044', 'M3'),
('045', 'M3'),
('046', 'M3'),
('047', 'M3'),
('048', 'M3'),
('049', 'M3'),
('050', 'M3'),
('051', 'M3'),
('052', 'M3');

-- --------------------------------------------------------

--
-- Table structure for table `singlefood`
--

CREATE TABLE `singlefood` (
  `SFID` varchar(6) NOT NULL,
  `Name` varchar(30) NOT NULL,
  `EName` varchar(50) NOT NULL,
  `Price` double NOT NULL,
  `img` varchar(300) DEFAULT NULL
) ENGINE=InnoDB DEFAULT CHARSET=utf8;

--
-- Dumping data for table `singlefood`
--

INSERT INTO `singlefood` (`SFID`, `Name`, `EName`, `Price`, `img`) VALUES
('A00001', '新經典三拼', 'Classic Platter-New 3 Kind', 136, NULL),
('A00002', '勁辣香雞翅(6)', 'Spicy Chicken Wing(6)', 130, NULL),
('A00003', '酥嫩雞翅(6)', 'Tender Chicken Wing(6)', 130, NULL),
('A00004', '勁辣香雞翅', 'Spicy Chicken Wing', 49, NULL),
('A00005', '酥嫩雞翅', 'Tender Chicken Wing(6)', 49, NULL),
('A00006', 'OREO冰炫風', 'McFlurry(OREO)', 55, NULL),
('A00007', '蘋果派', 'Apple Pie', 35, 'https://github.com/pei-ci/Macdonald_Pictures/blob/main/McD_Menu/Desserts/Apple_Pie.PNG?raw=true'),
('A00008', '薯條(小)', 'French Fries(S)', 35, NULL),
('A00009', '薯條(中)', 'French Fries(M)', 45, NULL),
('A00010', '薯條(大)', 'French Fries(L)', 58, NULL),
('A00012', '大蛋捲冰淇淋', 'vabilla cone(L)', 30, NULL),
('A00013', '蛋捲冰淇淋', 'vabilla cone', 18, NULL),
('A00014', '大四季沙拉', 'Salad(L)', 45, NULL),
('A00015', '麥克雞塊(4塊)', '4pcs Chicken McNuggets', 49, 'https://github.com/pei-ci/Macdonald_Pictures/blob/main/side_meal_ok/%E9%9B%9E%E5%A1%8A.png?raw=true'),
('D10001', '冰蜂蜜奶茶', 'Liced Honey Milk Tea', 65, 'https://github.com/pei-ci/Macdonald_Pictures/blob/main/%E9%A3%B2%E6%96%99/%E5%86%B0%E8%9C%82%E8%9C%9C%E5%A5%B6%E8%8C%B6.png?raw=true'),
('D10002', '冰蜂蜜那堤', 'Iced Honey Latte-L2', 90, 'https://github.com/pei-ci/Macdonald_Pictures/blob/main/%E9%A3%B2%E6%96%99/%E5%86%B0%E8%9C%82%E8%9C%9C%E9%82%A3%E5%A0%A4.png?raw=true'),
('D10003', '熱蜂蜜那堤', 'Honey Latte-L2', 90, 'https://github.com/pei-ci/Macdonald_Pictures/blob/main/%E9%A3%B2%E6%96%99/%E7%86%B1%E8%9C%82%E8%9C%9C%E9%82%A3%E5%A0%A4.png?raw=true'),
('D10004', '冰蜂蜜紅茶', 'Honey Iced Tea', 55, 'https://github.com/pei-ci/Macdonald_Pictures/blob/main/%E9%A3%B2%E6%96%99/%E5%86%B0%E8%9C%82%E8%9C%9C%E7%B4%85%E8%8C%B6.png?raw=true'),
('D10005', '經典冰那堤(無糖)', 'Iced Latte(No sugar)', 75, 'https://github.com/pei-ci/Macdonald_Pictures/blob/main/%E9%A3%B2%E6%96%99/%E7%B6%93%E5%85%B8%E5%86%B0%E9%82%A3%E5%A0%A4(%E7%84%A1%E7%B3%96).png?raw=true'),
('D10006', '經典冰美式咖啡(無糖)', '12oz Iced Americano(No sugar)', 65, 'https://github.com/pei-ci/Macdonald_Pictures/blob/main/%E9%A3%B2%E6%96%99/%E7%B6%93%E5%85%B8%E5%86%B0%E7%BE%8E%E5%BC%8F%E5%92%96%E5%95%A1(%E7%84%A1%E7%B3%96).png?raw=true'),
('D10007', '經典那堤', 'Hot Latte', 75, 'https://github.com/pei-ci/Macdonald_Pictures/blob/main/%E9%A3%B2%E6%96%99/%E7%B6%93%E5%85%B8%E9%82%A3%E5%A0%A4.png?raw=true'),
('D10008', '經典美式咖啡', '12oz Americano', 65, 'https://github.com/pei-ci/Macdonald_Pictures/blob/main/%E9%A3%B2%E6%96%99/%E7%B6%93%E5%85%B8%E7%BE%8E%E5%BC%8F%E5%92%96%E5%95%A1.png?raw=true'),
('D10009', '阿薩姆冰鮮奶茶', 'Iced Assam Latte', 75, 'https://github.com/pei-ci/Macdonald_Pictures/blob/main/%E9%A3%B2%E6%96%99/%E5%86%B0%E9%98%BF%E8%96%A9%E5%A7%86%E9%AE%AE%E5%A5%B6%E8%8C%B6.png?raw=true'),
('D10010', '阿薩姆鮮奶茶', 'Assam Latte', 75, 'https://github.com/pei-ci/Macdonald_Pictures/blob/main/%E9%A3%B2%E6%96%99/%E9%98%BF%E8%96%A9%E5%A7%86%E9%AE%AE%E5%A5%B6%E8%8C%B6.png?raw=true'),
('D10011', '小杯冰紅茶(無糖)', 'Sugar-free Iced Black tea(S)', 33, NULL),
('D10012', '中杯冰紅茶(無糖)', 'Sugar-free Iced Black tea(M)', 38, 'https://github.com/pei-ci/Macdonald_Pictures/blob/main/%E9%A3%B2%E6%96%99/%E4%B8%AD%E6%9D%AF%E5%86%B0%E7%B4%85%E8%8C%B6(%E7%84%A1%E7%B3%96).png?raw=true'),
('D10013', '大杯冰紅茶(無糖)', 'Sugar-free Iced Black tea(L)', 45, 'https://github.com/pei-ci/Macdonald_Pictures/blob/main/%E9%A3%B2%E6%96%99/%E4%B8%AD%E6%9D%AF%E5%86%B0%E7%B4%85%E8%8C%B6(%E7%84%A1%E7%B3%96).png?raw=true'),
('D10014', '小杯冰綠茶(無糖)', 'Sugar-free Iced Green Tea(S)', 33, NULL),
('D10015', '中杯冰綠茶(無糖)', 'Sugar-free Iced Green Tea(M)', 38, 'https://github.com/pei-ci/Macdonald_Pictures/blob/main/%E9%A3%B2%E6%96%99/%E4%B8%AD%E6%9D%AF%E5%86%B0%E7%B6%A0%E8%8C%B6(%E7%84%A1%E7%B3%96).png?raw=true'),
('D10016', '大杯冰綠茶(無糖)', 'Sugar-free Iced Green Tea(L)', 45, 'https://github.com/pei-ci/Macdonald_Pictures/blob/main/%E9%A3%B2%E6%96%99/%E4%B8%AD%E6%9D%AF%E5%86%B0%E7%B6%A0%E8%8C%B6(%E7%84%A1%E7%B3%96).png?raw=true'),
('D10017', '小杯可口可樂', 'Coca-Cola(S)', 33, NULL),
('D10018', '中杯可口可樂', 'Coca-Cola(M)', 38, 'https://github.com/pei-ci/Macdonald_Pictures/blob/main/%E9%A3%B2%E6%96%99/%E4%B8%AD%E6%9D%AF%E5%8F%AF%E5%8F%A3%E5%8F%AF%E6%A8%82.png?raw=true'),
('D10019', '大杯可口可樂', 'Coca-Cola(L)', 45, 'https://github.com/pei-ci/Macdonald_Pictures/blob/main/%E9%A3%B2%E6%96%99/%E4%B8%AD%E6%9D%AF%E5%8F%AF%E5%8F%A3%E5%8F%AF%E6%A8%82.png?raw=true'),
('D10020', '小杯檸檬紅茶', 'Iced Tea(S)', 33, 'https://github.com/pei-ci/Macdonald_Pictures/blob/main/%E9%A3%B2%E6%96%99/%E4%B8%AD%E6%9D%AF%E6%AA%B8%E6%AA%AC%E7%B4%85%E8%8C%B6.png?raw=true'),
('D10021', '中杯檸檬紅茶', 'Iced Tea(M)', 38, 'https://github.com/pei-ci/Macdonald_Pictures/blob/main/%E9%A3%B2%E6%96%99/%E4%B8%AD%E6%9D%AF%E6%AA%B8%E6%AA%AC%E7%B4%85%E8%8C%B6.png?raw=true'),
('D10022', '大杯檸檬紅茶', 'Iced Tea(L)', 45, 'https://github.com/pei-ci/Macdonald_Pictures/blob/main/%E9%A3%B2%E6%96%99/%E4%B8%AD%E6%9D%AF%E6%AA%B8%E6%AA%AC%E7%B4%85%E8%8C%B6.png?raw=true'),
('D10023', '小杯雪碧', 'Sprite(S)', 33, NULL),
('D10024', '中杯雪碧', 'Sprite(M)', 38, 'https://github.com/pei-ci/Macdonald_Pictures/blob/main/%E9%A3%B2%E6%96%99/%E4%B8%AD%E6%9D%AF%E9%9B%AA%E7%A2%A7.png?raw=true'),
('D10025', '大杯雪碧', 'Sprite(L)', 45, 'https://github.com/pei-ci/Macdonald_Pictures/blob/main/%E9%A3%B2%E6%96%99/%E4%B8%AD%E6%9D%AF%E9%9B%AA%E7%A2%A7.png?raw=true'),
('D10026', '小杯零卡可樂', 'Zero Coke(S)', 33, NULL),
('D10027', '中杯零卡可樂', 'Zero Coke(M)', 38, 'https://github.com/pei-ci/Macdonald_Pictures/blob/main/%E9%A3%B2%E6%96%99/%E4%B8%AD%E6%9D%AF%E9%9B%B6%E5%8D%A1%E5%8F%AF%E6%A8%82.png?raw=true'),
('D10028', '大杯零卡可樂', 'Zero Coke(L)', 45, 'https://github.com/pei-ci/Macdonald_Pictures/blob/main/%E9%A3%B2%E6%96%99/%E4%B8%AD%E6%9D%AF%E9%9B%B6%E5%8D%A1%E5%8F%AF%E6%A8%82.png?raw=true'),
('D10029', '大杯柳橙汁', 'Orange Juice(L)', 45, 'https://github.com/pei-ci/Macdonald_Pictures/blob/main/%E9%A3%B2%E6%96%99/%E5%A4%A7%E6%9D%AF%E6%9F%B3%E6%A9%99%E6%B1%81.png?raw=true'),
('D10030', '小杯柳橙汁', 'Orange Juice(M)', 40, 'https://github.com/pei-ci/Macdonald_Pictures/blob/main/%E9%A3%B2%E6%96%99/%E5%A4%A7%E6%9D%AF%E6%9F%B3%E6%A9%99%E6%B1%81.png?raw=true'),
('D10031', '熱奶茶', 'Hot Milk Tea', 38, 'https://github.com/pei-ci/Macdonald_Pictures/blob/main/%E9%A3%B2%E6%96%99/%E7%86%B1%E5%A5%B6%E8%8C%B6.png?raw=true'),
('D10032', '熱紅茶', 'Hot Tea', 38, 'https://github.com/pei-ci/Macdonald_Pictures/blob/main/%E9%A3%B2%E6%96%99/%E7%86%B1%E7%B4%85%E8%8C%B6.png?raw=true'),
('D10033', '小杯冰奶茶', 'Iced Milk Tea(S)', 38, 'https://github.com/pei-ci/Macdonald_Pictures/blob/main/%E9%A3%B2%E6%96%99/%E5%A4%A7%E6%9D%AF%E5%86%B0%E5%A5%B6%E8%8C%B6.png?raw=true'),
('D10034', '大杯冰奶茶', 'Iced Milk Tea(M)', 48, 'https://github.com/pei-ci/Macdonald_Pictures/blob/main/%E9%A3%B2%E6%96%99/%E5%A4%A7%E6%9D%AF%E5%86%B0%E5%A5%B6%E8%8C%B6.png?raw=true'),
('D10035', '小杯玉米湯', 'Corn Soup(S)', 40, 'https://github.com/pei-ci/Macdonald_Pictures/blob/main/%E9%A3%B2%E6%96%99/%E5%B0%8F%E6%9D%AF%E7%8E%89%E7%B1%B3%E6%B9%AF.png?raw=true'),
('D10036', '大杯玉米湯', 'Corn Soup(M)', 55, 'https://github.com/pei-ci/Macdonald_Pictures/blob/main/%E9%A3%B2%E6%96%99/%E5%B0%8F%E6%9D%AF%E7%8E%89%E7%B1%B3%E6%B9%AF.png?raw=true'),
('D10037', '鮮乳', 'Milk', 33, 'https://github.com/pei-ci/Macdonald_Pictures/blob/main/%E9%A3%B2%E6%96%99/%E5%A5%97%E9%A4%90%E9%AE%AE%E4%B9%B3.png?raw=true'),
('D10050', '套餐鮮乳', 'Milk', 38, 'https://github.com/pei-ci/Macdonald_Pictures/blob/main/%E9%A3%B2%E6%96%99/%E5%A5%97%E9%A4%90%E9%AE%AE%E4%B9%B3.png?raw=true'),
('M00001', '炸蝦天婦羅安格斯黑牛堡', 'Shrimp Angus Beef Burger', 154, NULL),
('M00002', '雙蝦天婦羅堡', 'Double Shrimp Burger', 154, NULL),
('M00003', '薑燒豬肉長堡', 'Ginger Pork Burger', 84, NULL),
('M00004', '煙燻雞長堡', 'Smoked Chicken Burger', 84, NULL),
('M00005', 'BLT安格斯黑牛堡', 'BLT Angus Beef Burger', 114, NULL),
('M00006', 'BLT辣脆雞腿堡', 'BLT Spicy Chicken Burger', 114, NULL),
('M00007', 'BLT嫩煎雞腿堡', 'BLT Grilled Chicken Burger', 114, NULL),
('M00008', '蕈菇安格斯牛堡', 'Mushroom Angus Beef Burger', 124, NULL),
('M00009', '凱撒辣脆雞沙拉', 'Caesar Salad w/Spicy Chicken Filet', 104, NULL),
('M00010', '義式烤雞沙拉', 'Italian Grilled Chicken Salad', 104, NULL),
('M00011', '大麥克', 'Big Mac', 80, NULL),
('M00012', '雙層牛肉吉事堡', 'Double Cheese Burger', 70, NULL),
('M00013', '原味麥脆雞腿', 'McCrispy-Chicken Leg/Thigh', 60, NULL),
('M00014', '辣味麥脆雞腿', 'Spicy McCrispy-Chicken Leg/Thigh', 60, NULL),
('M00015', '麥脆雞翅', 'McCrispy-Chicken Wing', 49, NULL),
('M00016', '辣味麥脆雞翅', 'Spicy McCrispy-Chicken Wing', 49, NULL),
('M00017', '麥克雞塊(10塊)', '10pcs Chicken McNuggets', 104, NULL),
('M00018', '麥克雞塊(6塊)', '6pcs Chicken McNuggets', 64, 'https://github.com/pei-ci/Macdonald_Pictures/blob/main/McD_Menu/Main/ChickenNuggets/6pcs_Chicken_McNuggets.PNG?raw=true'),
('M00019', '嫩煎雞腿堡', 'Grilled Chicken Burger', 80, NULL),
('M00020', '勁辣雞腿堡', 'Spicy Chicken Filet', 80, NULL),
('M00021', '麥香雞', 'McChicken', 49, NULL),
('M00022', '麥香魚', 'Filet-O-Fish', 60, NULL),
('S10001', '炸蝦天婦羅安格斯黑牛堡套餐', 'Shrimp Angus Beef Burger Meal', 269, NULL),
('S10002', '雙蝦天婦羅堡套餐', 'Double Shrimp Burger Meal', 269, NULL),
('S10003', '薑燒豬肉長堡套餐', 'Ginger Pork Burger Meal', 199, NULL),
('S10004', '煙燻雞長堡套餐', 'Smoked Chicken Burger Meal', 199, NULL),
('S10005', 'BLT安格斯黑牛堡套餐', 'BLT Angus Beef Burger Meal', 229, NULL),
('S10006', 'BLT辣脆雞腿堡套餐', 'BLT Spicy Chicken Burger Meal', 229, NULL),
('S10007', 'BLT嫩煎雞腿堡套餐', 'BLT Grilled Chicken Burger Meal', 229, NULL),
('S10008', '蕈菇安格斯牛堡套餐', 'Mushroom Angus Beef Burger Meal', 239, NULL),
('S10009', '凱撒辣脆雞沙拉套餐', 'Caesar Salad w/Spicy Chicken Filet Meal', 219, NULL),
('S10010', '義式烤雞沙拉套餐', 'Italian Grilled Chicken Salad Meal', 219, NULL),
('S10011', '大麥克套餐', 'Big Mac Meal', 195, NULL),
('S10012', '雙層牛肉吉事堡套餐', 'Double Cheese Burger Meal', 185, NULL),
('S10013', '原味麥脆雞腿套餐', 'McCrispy-Chicken Leg/Thigh Meal', 175, NULL),
('S10014', '辣味麥脆雞腿套餐', 'Spicy McCrispy-Chicken Leg/Thigh Meal', 175, NULL),
('S10015', '麥脆雞翅套餐', 'McCrispy-Chicken Wing Meal', 164, NULL),
('S10016', '辣味麥脆雞翅套餐', 'Spicy McCrispy-Chicken Wing Meal', 164, NULL),
('S10017', '麥克雞塊(10塊)套餐', '10pcs Chicken McNuggets Meal', 219, NULL),
('S10018', '麥克雞塊(6塊)套餐', '6pcs Chicken McNuggets Meal', 179, NULL),
('S10019', '嫩煎雞腿堡套餐', 'Grilled Chicken Burger Meal', 195, NULL),
('S10020', '勁辣雞腿堡套餐', 'Spicy Chicken Filet Meal', 195, NULL),
('S10021', '麥香雞套餐', 'McChicken Meal', 164, NULL),
('S10022', '麥香魚套餐', 'Filet-O-Fish Meal', 175, NULL),
('S20001', '麥克雞塊(4)+中薯(-$15)', 'McNugget(4)+Fires(M)-($15)', -15, 'https://github.com/pei-ci/Macdonald_Pictures/blob/main/side_meal_ok/%E9%9B%9E%E5%A1%8A+%E8%96%AF%E6%A2%9D.png?raw=true'),
('S20002', '麥脆雞腿(原)+中薯', 'McCrispy Leg/Thigh+Fires(M)', 0, 'https://github.com/pei-ci/Macdonald_Pictures/blob/main/side_meal_ok/%E9%9B%9E%E8%85%BF+%E8%96%AF%E6%A2%9D.png?raw=true'),
('S20003', '麥脆雞腿(辣)+中薯', 'McCrispy Spicy Leg/Thigh+Fires(M)', 0, 'https://github.com/pei-ci/Macdonald_Pictures/blob/main/side_meal_ok/%E9%9B%9E%E8%85%BF+%E8%96%AF%E6%A2%9D.png?raw=true'),
('S20004', '經典中薯(-$60)', 'Fires(M)(-$60)', -60, 'https://github.com/pei-ci/Macdonald_Pictures/blob/main/side_meal_ok/%E4%B8%AD%E8%96%AF.png?raw=true'),
('S20005', '經典大薯(-$47)', 'Fires(L)(-$47)', -47, 'https://github.com/pei-ci/Macdonald_Pictures/blob/main/side_meal_ok/%E5%A4%A7%E8%96%AF.png?raw=true'),
('S20006', '清爽沙拉(-$60)', 'Salad(-$60)', -60, 'https://github.com/pei-ci/Macdonald_Pictures/blob/main/side_meal_ok/%E6%B2%99%E6%8B%89.png?raw=true'),
('S20007', '麥克雞塊(-$53)', '4pc Nugget(-$53)', -53, 'https://github.com/pei-ci/Macdonald_Pictures/blob/main/side_meal_ok/%E9%9B%9E%E5%A1%8A.png?raw=true');

-- --------------------------------------------------------

--
-- Table structure for table `singlefoodwithcustomer`
--

CREATE TABLE `singlefoodwithcustomer` (
  `SFID` varchar(6) NOT NULL,
  `CUID` varchar(4) NOT NULL
) ENGINE=InnoDB DEFAULT CHARSET=utf8;

--
-- Dumping data for table `singlefoodwithcustomer`
--

INSERT INTO `singlefoodwithcustomer` (`SFID`, `CUID`) VALUES
('A00008', 'A001'),
('A00009', 'A001'),
('A00010', 'A001'),
('A00015', 'A002'),
('D10001', 'D001'),
('D10001', 'D002'),
('D10001', 'D003'),
('D10002', 'D001'),
('D10002', 'D002'),
('D10002', 'D003'),
('D10003', 'D001'),
('D10003', 'D002'),
('D10004', 'D001'),
('D10004', 'D002'),
('D10004', 'D003'),
('D10005', 'D001'),
('D10005', 'D002'),
('D10005', 'D003'),
('D10006', 'D001'),
('D10006', 'D002'),
('D10006', 'D003'),
('D10007', 'D001'),
('D10007', 'D002'),
('D10008', 'D001'),
('D10008', 'D002'),
('D10009', 'D001'),
('D10009', 'D002'),
('D10009', 'D003'),
('D10010', 'D001'),
('D10010', 'D002'),
('D10011', 'D001'),
('D10011', 'D003'),
('D10012', 'D001'),
('D10012', 'D003'),
('D10013', 'D001'),
('D10013', 'D003'),
('D10014', 'D001'),
('D10014', 'D003'),
('D10015', 'D001'),
('D10015', 'D003'),
('D10016', 'D001'),
('D10016', 'D003'),
('D10017', 'D001'),
('D10017', 'D003'),
('D10018', 'D001'),
('D10018', 'D003'),
('D10019', 'D001'),
('D10019', 'D003'),
('D10020', 'D001'),
('D10020', 'D003'),
('D10021', 'D001'),
('D10021', 'D003'),
('D10022', 'D001'),
('D10022', 'D003'),
('D10023', 'D001'),
('D10023', 'D003'),
('D10024', 'D001'),
('D10024', 'D003'),
('D10025', 'D001'),
('D10025', 'D003'),
('D10026', 'D001'),
('D10026', 'D003'),
('D10027', 'D001'),
('D10027', 'D003'),
('D10028', 'D001'),
('D10028', 'D003'),
('D10029', 'D001'),
('D10029', 'D003'),
('D10030', 'D001'),
('D10030', 'D003'),
('D10031', 'D001'),
('D10031', 'D002'),
('D10032', 'D001'),
('D10032', 'D002'),
('D10033', 'D001'),
('D10033', 'D002'),
('D10033', 'D003'),
('D10034', 'D001'),
('D10034', 'D002'),
('D10034', 'D003'),
('D10035', 'D001'),
('D10036', 'D001'),
('M00001', 'M004'),
('M00001', 'M005'),
('M00001', 'M007'),
('M00002', 'M004'),
('M00002', 'M005'),
('M00002', 'M007'),
('M00003', 'M004'),
('M00003', 'M007'),
('M00004', 'M004'),
('M00004', 'M007'),
('M00005', 'M003'),
('M00005', 'M004'),
('M00005', 'M005'),
('M00005', 'M007'),
('M00006', 'M003'),
('M00006', 'M004'),
('M00006', 'M007'),
('M00007', 'M003'),
('M00007', 'M004'),
('M00007', 'M007'),
('M00008', 'M004'),
('M00008', 'M007'),
('M00009', 'M003'),
('M00009', 'M004'),
('M00009', 'M007'),
('M00010', 'M003'),
('M00010', 'M004'),
('M00010', 'M007'),
('M00011', 'M001'),
('M00011', 'M002'),
('M00011', 'M004'),
('M00011', 'M006'),
('M00011', 'M007'),
('M00011', 'M008'),
('M00012', 'M001'),
('M00012', 'M002'),
('M00012', 'M004'),
('M00012', 'M006'),
('M00012', 'M007'),
('M00012', 'M008'),
('M00017', 'A002'),
('M00018', 'A002'),
('M00019', 'M003'),
('M00019', 'M004'),
('M00019', 'M007'),
('M00020', 'M004'),
('M00020', 'M007'),
('M00021', 'M004'),
('M00021', 'M007'),
('M00022', 'M005'),
('M00022', 'M007'),
('S10001', 'M004'),
('S10001', 'M005'),
('S10001', 'M007'),
('S10002', 'M004'),
('S10002', 'M005'),
('S10002', 'M007'),
('S10003', 'M004'),
('S10003', 'M007'),
('S10004', 'M004'),
('S10004', 'M007'),
('S10005', 'M003'),
('S10005', 'M004'),
('S10005', 'M005'),
('S10005', 'M007'),
('S10006', 'M003'),
('S10006', 'M004'),
('S10006', 'M007'),
('S10007', 'M003'),
('S10007', 'M004'),
('S10007', 'M007'),
('S10008', 'M004'),
('S10008', 'M007'),
('S10009', 'M003'),
('S10009', 'M004'),
('S10009', 'M007'),
('S10010', 'M003'),
('S10010', 'M004'),
('S10010', 'M007'),
('S10011', 'M001'),
('S10011', 'M002'),
('S10011', 'M004'),
('S10011', 'M006'),
('S10011', 'M007'),
('S10011', 'M008'),
('S10012', 'M001'),
('S10012', 'M002'),
('S10012', 'M004'),
('S10012', 'M006'),
('S10012', 'M007'),
('S10012', 'M008'),
('S10017', 'A002'),
('S10018', 'A002'),
('S10019', 'M003'),
('S10019', 'M004'),
('S10019', 'M007'),
('S10020', 'M004'),
('S10020', 'M007'),
('S10021', 'M004'),
('S10021', 'M007'),
('S10022', 'M005'),
('S10022', 'M007');

-- --------------------------------------------------------

--
-- Table structure for table `singlefoodwithoption`
--

CREATE TABLE `singlefoodwithoption` (
  `SFID` varchar(6) NOT NULL,
  `OPID` varchar(3) NOT NULL
) ENGINE=InnoDB DEFAULT CHARSET=utf8;

--
-- Dumping data for table `singlefoodwithoption`
--

INSERT INTO `singlefoodwithoption` (`SFID`, `OPID`) VALUES
('A00001', '043'),
('A00002', '044'),
('A00003', '045'),
('A00004', '046'),
('A00005', '047'),
('A00006', '048'),
('A00007', '000'),
('A00007', '049'),
('A00008', '050'),
('A00009', '050'),
('A00010', '050'),
('A00012', '051'),
('A00013', '051'),
('A00014', '052'),
('A00015', '000'),
('D10001', '000'),
('D10001', '021'),
('D10002', '000'),
('D10002', '022'),
('D10003', '000'),
('D10003', '023'),
('D10004', '000'),
('D10004', '024'),
('D10005', '000'),
('D10005', '025'),
('D10006', '000'),
('D10006', '026'),
('D10007', '000'),
('D10007', '027'),
('D10008', '000'),
('D10008', '028'),
('D10009', '000'),
('D10009', '029'),
('D10010', '000'),
('D10010', '030'),
('D10011', '031'),
('D10012', '000'),
('D10012', '031'),
('D10013', '000'),
('D10013', '031'),
('D10014', '032'),
('D10015', '000'),
('D10015', '032'),
('D10016', '000'),
('D10016', '032'),
('D10017', '033'),
('D10018', '000'),
('D10018', '033'),
('D10019', '000'),
('D10019', '033'),
('D10020', '034'),
('D10021', '000'),
('D10021', '034'),
('D10022', '000'),
('D10022', '034'),
('D10023', '035'),
('D10024', '000'),
('D10024', '035'),
('D10025', '000'),
('D10025', '035'),
('D10026', '036'),
('D10027', '000'),
('D10027', '036'),
('D10028', '000'),
('D10028', '036'),
('D10029', '000'),
('D10029', '037'),
('D10030', '000'),
('D10030', '037'),
('D10031', '000'),
('D10031', '038'),
('D10032', '000'),
('D10032', '039'),
('D10033', '000'),
('D10033', '040'),
('D10034', '000'),
('D10034', '040'),
('D10035', '000'),
('D10035', '041'),
('D10036', '000'),
('D10036', '041'),
('D10037', '042'),
('D10050', '000'),
('M00001', '001'),
('M00002', '002'),
('M00003', '003'),
('M00004', '004'),
('M00005', '005'),
('M00006', '006'),
('M00007', '007'),
('M00008', '008'),
('M00009', '009'),
('M00010', '010'),
('M00011', '011'),
('M00012', '012'),
('M00013', '013'),
('M00014', '013'),
('M00015', '014'),
('M00016', '014'),
('M00017', '015'),
('M00018', '000'),
('M00018', '016'),
('M00019', '017'),
('M00020', '018'),
('M00021', '019'),
('M00022', '020'),
('S10001', '001'),
('S10002', '002'),
('S10003', '003'),
('S10004', '004'),
('S10005', '005'),
('S10006', '006'),
('S10007', '007'),
('S10008', '008'),
('S10009', '009'),
('S10010', '010'),
('S10011', '011'),
('S10012', '012'),
('S10013', '013'),
('S10014', '013'),
('S10015', '014'),
('S10016', '014'),
('S10017', '015'),
('S10018', '016'),
('S10019', '017'),
('S10020', '018'),
('S10021', '019'),
('S10022', '020'),
('S20001', '000'),
('S20002', '000'),
('S20003', '000'),
('S20004', '000'),
('S20005', '000'),
('S20006', '000'),
('S20007', '000');

--
-- Indexes for dumped tables
--

--
-- Indexes for table `combolmeal`
--
ALTER TABLE `combolmeal`
  ADD PRIMARY KEY (`CID`);

--
-- Indexes for table `cusorder`
--
ALTER TABLE `cusorder`
  ADD PRIMARY KEY (`OID`);

--
-- Indexes for table `customer`
--
ALTER TABLE `customer`
  ADD PRIMARY KEY (`CUID`);

--
-- Indexes for table `foodtype`
--
ALTER TABLE `foodtype`
  ADD PRIMARY KEY (`TypeID`);

--
-- Indexes for table `meal`
--
ALTER TABLE `meal`
  ADD PRIMARY KEY (`NO`),
  ADD KEY `SFID` (`SFID`),
  ADD KEY `CID` (`CID`),
  ADD KEY `OID` (`OID`);

--
-- Indexes for table `mealcustomer`
--
ALTER TABLE `mealcustomer`
  ADD PRIMARY KEY (`NO`,`CUID`);

--
-- Indexes for table `option`
--
ALTER TABLE `option`
  ADD PRIMARY KEY (`OPID`);

--
-- Indexes for table `optionwithfoodtype`
--
ALTER TABLE `optionwithfoodtype`
  ADD PRIMARY KEY (`OPID`,`TypeID`),
  ADD KEY `TypeIDReference` (`TypeID`);

--
-- Indexes for table `singlefood`
--
ALTER TABLE `singlefood`
  ADD PRIMARY KEY (`SFID`);

--
-- Indexes for table `singlefoodwithcustomer`
--
ALTER TABLE `singlefoodwithcustomer`
  ADD PRIMARY KEY (`SFID`,`CUID`),
  ADD KEY `CUIDReference` (`CUID`);

--
-- Indexes for table `singlefoodwithoption`
--
ALTER TABLE `singlefoodwithoption`
  ADD PRIMARY KEY (`SFID`,`OPID`),
  ADD KEY `OPReference` (`OPID`);

--
-- Constraints for dumped tables
--

--
-- Constraints for table `meal`
--
ALTER TABLE `meal`
  ADD CONSTRAINT `CID` FOREIGN KEY (`CID`) REFERENCES `combolmeal` (`CID`) ON DELETE CASCADE ON UPDATE CASCADE,
  ADD CONSTRAINT `OID` FOREIGN KEY (`OID`) REFERENCES `cusorder` (`OID`) ON DELETE CASCADE ON UPDATE CASCADE,
  ADD CONSTRAINT `SFID` FOREIGN KEY (`SFID`) REFERENCES `singlefood` (`SFID`) ON DELETE CASCADE ON UPDATE CASCADE;

--
-- Constraints for table `mealcustomer`
--
ALTER TABLE `mealcustomer`
  ADD CONSTRAINT `NO` FOREIGN KEY (`NO`) REFERENCES `meal` (`NO`) ON DELETE CASCADE ON UPDATE CASCADE;

--
-- Constraints for table `optionwithfoodtype`
--
ALTER TABLE `optionwithfoodtype`
  ADD CONSTRAINT `OptionReference` FOREIGN KEY (`OPID`) REFERENCES `option` (`OPID`) ON DELETE CASCADE ON UPDATE CASCADE,
  ADD CONSTRAINT `TypeIDReference` FOREIGN KEY (`TypeID`) REFERENCES `foodtype` (`TypeID`) ON DELETE CASCADE ON UPDATE CASCADE;

--
-- Constraints for table `singlefoodwithcustomer`
--
ALTER TABLE `singlefoodwithcustomer`
  ADD CONSTRAINT `CUIDReference` FOREIGN KEY (`CUID`) REFERENCES `customer` (`CUID`) ON DELETE CASCADE ON UPDATE CASCADE,
  ADD CONSTRAINT `SFIDReference` FOREIGN KEY (`SFID`) REFERENCES `singlefood` (`SFID`) ON DELETE CASCADE ON UPDATE CASCADE;

--
-- Constraints for table `singlefoodwithoption`
--
ALTER TABLE `singlefoodwithoption`
  ADD CONSTRAINT `OPReference` FOREIGN KEY (`OPID`) REFERENCES `option` (`OPID`) ON DELETE CASCADE ON UPDATE CASCADE,
  ADD CONSTRAINT `SFReference` FOREIGN KEY (`SFID`) REFERENCES `singlefood` (`SFID`) ON DELETE CASCADE ON UPDATE CASCADE;
COMMIT;

/*!40101 SET CHARACTER_SET_CLIENT=@OLD_CHARACTER_SET_CLIENT */;
/*!40101 SET CHARACTER_SET_RESULTS=@OLD_CHARACTER_SET_RESULTS */;
/*!40101 SET COLLATION_CONNECTION=@OLD_COLLATION_CONNECTION */;
